Price,Close,Close,Close,Close,Close,Close,High,High,High,High,High,High,Low,Low,Low,Low,Low,Low,Open,Open,Open,Open,Open,Open,Volume,Volume,Volume,Volume,Volume,Volume
Ticker,AAPL,GLD,JPM,MSFT,SPY,TLT,AAPL,GLD,JPM,MSFT,SPY,TLT,AAPL,GLD,JPM,MSFT,SPY,TLT,AAPL,GLD,JPM,MSFT,SPY,TLT,AAPL,GLD,JPM,MSFT,SPY,TLT
Date,,,,,,,,,,,,,,,,,,,,,,,,,,,,,,
2024-01-02,183.56219482421875,190.72000122070312,162.27828979492188,363.8015441894531,458.8092041015625,88.40293884277344,186.33085840634024,191.88999938964844,162.3631599230326,368.735675683701,459.7993540123723,88.70867936431394,181.83178197139316,190.5,159.2888553688662,359.77968054105025,456.7124526493962,88.12418087416054,185.05528848269014,191.44000244140625,159.45859562508764,366.7345478799601,458.3335624378489,88.33100594995729,82488700,6025600,9977400,25258600,123623700,47797400
2024-01-03,182.18772888183594,189.1300048828125,161.57101440429688,363.53668212890625,455.0622253417969,88.77159881591797,183.79948946618282,189.86000061035156,162.24056461960868,366.1459883616317,457.39193916554245,88.88849573533547,181.37689972544035,188.16000366210938,160.6656898438769,361.4865193608946,454.4603858132538,87.35981415904318,182.15806587250447,188.77000427246094,162.07082435870566,361.9769897820248,456.65418509885427,87.56663231343956,58414500,8661600,9852300,23083500,103585900,58159500
2024-01-04,179.8739471435547,189.32000732421875,162.6432342529297,360.92730712890625,453.5964660644531,87.42276000976562,181.04073256447913,189.75,164.4840152154625,365.98896450288805,457.16869615612853,87.80043331430399,178.85547678867908,188.69000244140625,161.81772058185265,360.1719936012131,453.37319057475315,87.28787472655893,180.1112512492328,189.0800018310547,161.9126118704199,363.6052858949814,454.5865863632777,87.60260248034089,71983600,4416700,11972500,20901500,84232200,52604500
2024-01-05,179.15211486816406,189.35000610351562,163.459228515625,360.7409973144531,454.2177429199219,86.58650970458984,180.71443234786256,191.25999450683594,164.51245797473024,364.9688499798779,456.66393818647634,87.83643383478851,178.1534248404595,189.0800018310547,162.70014174249383,359.51482125288123,452.7713549830218,86.5145699470331,179.95306152436652,189.67999267578125,162.70014174249383,361.93774634798484,453.8003122508208,86.77534642276163,62379700,7481900,10066000,21004600,86118900,45894800
2024-01-08,183.4830780029297,187.8699951171875,163.22203063964844,367.5487060546875,460.7021484375,87.4407730102539,183.52263874374273,188.74000549316406,163.5446378440562,368.04899543580075,460.8477500166702,87.56666415711481,179.46852282651062,187.11000061035156,160.82142880255864,361.9769695664422,454.5866154970485,86.40666128056526,180.0519155054874,187.2100067138672,163.22203063964844,362.26142084093584,454.71281340697016,86.53255928797914,59144500,6215000,11229900,23134000,74879100,39485800
2024-01-09,183.0677947998047,187.92999267578125,161.9315948486328,368.62774658203125,460.0031433105469,86.88321685791016,183.07767744176536,188.77999877929688,163.00379113396048,368.8239167777909,461.0223837938476,87.37778703172168,180.68476543102267,187.72999572753906,161.4002383747752,364.1154129764403,457.54723173154656,86.85623431558606,181.8614486084712,188.67999267578125,162.84248752428073,364.91979160608497,458.0519936508328,86.90119835890975,42841800,4437300,9923600,20830000,65931400,34374000
2024-01-10,184.10601806640625,187.5,162.27317810058594,375.4747009277344,462.6047058105469,86.47856140136719,184.31365913260458,188.44000244140625,162.33010708122012,376.84804200266086,463.4686578138975,87.2698846595637,181.8614214601624,187.2100067138672,160.30904139844134,369.1476507008414,459.9934757568045,86.43360421841045,182.28661640904596,188.13999938964844,161.30534199467218,369.1966857666869,460.27499186871785,87.1529808906666,46792900,4504700,9670200,25514200,67310600,48227800
2024-01-11,183.5127410888672,187.8699951171875,161.5900115966797,377.2992248535156,462.40087890625,86.96417236328125,184.9564063690912,188.5500030517578,161.6469405809146,383.23390409247884,464.119036700077,87.07208198624289,181.5647895230864,186.55999755859375,160.01490880041456,373.1302268937335,458.4306513904914,86.0649460869236,184.4521049955326,188.02000427246094,161.61847608879714,378.6431088178606,463.60455806414546,86.47858935078187,49128400,6831100,11919500,27850800,77940700,78858900
2024-01-12,183.83908081054688,189.7100067138672,160.40391540527344,381.0660400390625,462.7212219238281,86.7933120727539,184.6499101684802,191.0800018310547,167.29259640908697,381.27202920676456,464.5850109920546,87.46773174037251,183.11725559073133,189.16000366210938,160.26157849064393,377.31883933016337,461.31370050606375,86.56850551688105,183.9775132511691,190.6699981689453,164.9109759460637,378.1428259369064,463.847256832393,87.02711281181615,40477800,6833700,19436500,21661200,58026400,38883900
2024-01-16,181.57467651367188,187.91000366210938,159.39813232421875,382.8317565917969,461.0224304199219,85.26461791992188,182.19761480887055,189.25999450683594,159.49300912270533,386.52010359232963,462.6532272077025,86.13686832839372,178.90488492167398,187.5399932861328,155.8968555922771,380.2322694497991,459.2071951071508,84.98586002628473,180.1211286782067,189.14999389648438,156.43769533094127,386.15716028479716,461.34278348918724,85.98400153901531,65603000,6548100,17206400,27202300,85014900,61716700
2024-01-17,180.6352996826172,185.83999633789062,158.54415893554688,382.0469970703125,458.45977783203125,85.12974548339844,180.88250149305736,187.4199981689453,160.42290202843512,382.67478358686355,458.94513616011074,85.42649178560717,178.2819487070673,185.4499969482422,157.97485469273727,377.47580955942465,456.110630489601,84.67114504604133,179.24109293861534,187.30999755859375,158.78137265631167,380.58540492477397,458.00353981867966,85.06679992176795,47317400,8643200,11107500,22234100,68843900,55506800
2024-01-18,186.51873779296875,187.3699951171875,158.85726928710938,386.3631286621094,462.5367126464844,84.33841705322266,187.0230241166397,187.39999389648438,158.9616438945128,386.48083676243556,463.09002818161,85.04880649810795,183.7500741577492,186.3000030517578,156.7887727674102,382.68460084723523,458.58591886010277,84.08663484198244,184.00715864056133,186.36000061035156,158.5726099507023,384.2541120354354,460.12935459709723,84.94089689591183,78005800,4685200,9382300,23392100,91856200,77339100
2024-01-19,189.4159393310547,187.92999267578125,161.59947204589844,391.0716857910156,468.3028564453125,84.60820007324219,189.80157360580037,188.3000030517578,161.84618358047715,391.0716857910156,468.5843725866021,84.68013982445434,186.70661676571424,187.44000244140625,158.53467484219206,386.00020863284516,462.58535041381515,83.86184745121096,187.21090309791916,188.25999450683594,158.98063779337124,388.2171444423586,463.6628317450775,84.26649654581286,68903000,5719700,13115700,29331100,110834500,47030900
2024-01-22,191.7198486328125,187.22000122070312,161.40969848632812,388.9528503417969,469.2930603027344,85.11175537109375,193.14373357255337,187.75999450683594,163.1840524158629,392.9845027036078,471.0112184161995,85.49842288502518,190.10808789018887,186.85000610351562,161.03016233915122,386.0884900033909,468.6426669962787,84.87795465415707,190.14764863184953,187.22999572753906,161.7418034738899,392.39593223013395,469.8366593541333,85.26462216808848,60133900,4397500,12837500,27016900,75844900,35756400
2024-01-23,192.9954071044922,187.9499969482422,160.3470001220703,391.29730224609375,470.6616516113281,84.43732452392578,193.55903452389106,188.14999389648438,161.0681246579549,391.7681646348443,470.9043307691421,84.5182515725408,191.66052626402544,187.27999877929688,159.82512701395376,386.42202498468174,468.7493682867175,84.01468719746937,192.83720939883855,187.4499969482422,160.99221452601276,388.2073445307626,469.836566173897,84.4283303427852,42355600,5040800,8360800,20525900,49945300,35786700
2024-01-24,192.32302856445312,186.39999389648438,161.77976989746094,394.8875427246094,471.1761779785156,83.94277954101562,194.18199120084623,188.3699951171875,162.26368071250425,397.89903829237466,474.45717543420074,85.01286110743287,192.16481576816378,186.32000732421875,160.2236483497231,392.81777191847715,470.68110299788805,83.71797295046092,193.23272951111284,188.3300018310547,160.69807582742826,393.8869938433054,473.525295727068,84.98588541425474,53631300,6085400,9967100,24867000,81765000,54574900
2024-01-25,191.99673461914062,187.13999938964844,164.09494018554688,397.15350341796875,473.7388610839844,84.49128723144531,194.07323623297103,187.63999938964844,164.14238581797116,399.25273113363767,474.01066056996024,84.72508794863442,190.94860116972282,186.4600067138672,162.16876623178902,394.858105500646,471.17618444820096,84.14058958593715,193.03498542605584,187.33999633789062,163.497157069424,396.613997943498,473.3020267275593,84.52725710028602,54822100,4651000,8873500,21021200,72525000,57019400
2024-01-26,190.2662811279297,187.00999450683594,163.46873474121094,396.2314453125,473.1370544433594,84.32942199707031,192.5800863732271,187.3800048828125,164.20884046709205,398.4287732558815,474.79697179035713,84.59019838759465,189.7916578927919,186.75999450683594,162.99430725137032,394.7600339819583,472.292535611096,84.06864560654597,192.09558049769083,187.27000427246094,163.7818586219111,396.66306169766744,473.311776348533,84.46430728327954,44594000,5064800,7443000,17803300,76641600,29276900
2024-01-29,189.5840301513672,188.3300018310547,163.89572143554688,401.9110412597656,476.8839111328125,85.30059051513672,190.04877081575225,188.5399932861328,164.00009606553505,402.16609543170915,477.029542315143,85.5793484176895,187.45810037105477,187.19000244140625,162.5388657240791,396.62375630100183,472.9039969579279,84.63516510555063,189.86089500402176,188.30999755859375,163.43079174790918,398.3207945584323,473.4475958586122,84.80601340362288,47145600,5629700,6971200,24510200,61322800,38243600
2024-01-30,185.93533325195312,188.58999633789062,167.254638671875,400.80255126953125,476.5151672363281,86.07393646240234,189.65325866018404,189.8300018310547,167.71956825499603,405.1775383466925,477.2237715158321,86.18183922003793,185.37172089064353,187.97999572753906,163.9905758624225,398.7033537683388,475.7579797202695,85.19269173191859,188.80288370915284,189.6999969482422,163.9905758624225,404.4026167586847,476.1948141143149,85.85812408657944,55859400,4976500,10822100,33477600,58618400,40151400
2024-01-31,182.3360595703125,188.4499969482422,165.44232177734375,390.00244140625,468.7396545410156,86.91921997070312,185.00585134318092,190.4600067138672,169.1808119667958,407.404352059521,474.75807991768903,87.14402655221987,182.28663127585358,188.1300048828125,165.42334062759713,389.6394980894709,468.7202212489611,86.32572730243373,184.94651023142666,189.3699951171875,167.18821111627943,399.20367116692984,474.31155855924624,86.52355819185686,55467800,7886100,11521800,47871100,126011100,80646700
2024-02-01,184.76852416992188,190.41000366210938,164.8445587158203,396.08428955078125,474.8746032714844,88.62420654296875,184.857513201702,191.36000061035156,165.8977882402984,400.2238610760148,474.90372358641025,89.01211815420763,181.7625567551165,188.99000549316406,162.66218953700178,394.1420159186215,469.6327095934461,87.6769853173562,181.93065217781273,189.7100067138672,164.75916524911648,394.1714429462631,470.43842101293257,87.88446892184169,64885400,10278100,9354800,30657700,91891600,84291200
2024-02-02,183.7698516845703,188.61000061035156,165.7934112548828,403.38250732421875,479.873779296875,86.6666259765625,185.23328233515724,188.8699951171875,166.82767409091414,404.78524558913676,481.5239798187347,87.1627944883152,177.2437171517322,187.85000610351562,164.39859340512308,395.86849663854684,474.971642466127,86.32382302102268,177.84689023760967,188.07000732421875,164.4365557087008,396.11373185699847,475.31139921660196,86.84704713576745,102551700,7337600,8607600,28256700,99228200,63823300
2024-02-05,185.579345703125,187.57000732421875,165.5751953125,397.9186706542969,478.1264343261719,84.91650390625,187.1317803970082,187.82000732421875,166.13501628029312,403.32366460035666,479.9028622372628,85.56603103101703,183.75994390321247,186.6999969482422,164.07600269490123,396.29030516570674,475.8743943997294,84.81727021315362,186.0440863383638,186.8800048828125,164.96792869965805,402.08766948512715,479.24278207992484,85.36756364482429,69668800,5436100,7820200,25352300,75757100,53827400
2024-02-06,187.18124389648438,188.5500030517578,166.1444854736328,397.76171875,479.5146484375,85.74646759033203,187.1911265388062,188.85000610351562,166.87509326368186,400.1944629759933,479.8446885622171,85.83667817050043,184.67956238073768,187.74000549316406,164.87300900590824,395.2309043820716,477.64114268330553,84.9886835751401,184.76855142564483,187.94000244140625,165.6795413976579,398.14430007293356,479.06809742412736,85.01574606092801,43490800,4866100,6764800,18382600,55918600,33411500
2024-02-07,187.29000854492188,188.5,166.45758056640625,406.15850830078125,483.5139465332031,85.33148956298828,188.91165203661865,189.38999938964844,166.8750789697446,406.4037434899342,483.93134756331705,85.90885243834583,186.49895962721544,188.27999877929688,165.06277741470677,399.63525825649936,480.8541628931194,85.26834146636538,188.50623739169367,188.4499969482422,166.70429206567403,399.67450426882596,481.75695184930976,85.31345019936445,53439000,6276900,7225500,22340500,70556500,40120200
2024-02-08,186.2122039794922,188.3300018310547,165.85983276367188,406.21734619140625,483.7275085449219,84.83531951904297,187.418535043408,188.52999877929688,166.34374353104843,407.63972220628386,484.1060726186496,85.06987251870275,185.2530596605407,187.82000732421875,164.69274533742478,404.6674730294275,482.69855130751233,84.4925165830984,187.27021997882892,187.91000366210938,166.04960084038564,406.15849214322577,483.513949705615,84.8172732745784,40962000,3873300,6060300,21225300,52343600,50087700
2024-02-09,186.9745330810547,187.60000610351562,166.05908203125,412.5345764160156,486.52313232421875,84.66390991210938,188.10321111496148,187.77000427246094,166.14448997128747,412.7994495492497,486.95993698445255,84.80825232931433,186.13296840440984,187.13999938964844,164.78762000748162,407.1786488746158,483.89246922228017,84.49251189496007,186.77650719907678,187.55999755859375,166.04959869496852,407.33560297017937,484.232225929518,84.58272246440055,45155200,4412600,6296700,22032800,63979400,27951300
2024-02-12,185.29139709472656,187.11000061035156,166.79920959472656,407.34552001953125,486.3096008300781,84.76313018798828,186.79630612181433,187.27000427246094,167.76704572264995,412.7210568909958,488.7557959365899,84.92551194033138,184.93497167008087,186.36000061035156,164.81610617285773,406.8452305904798,485.59125041968997,84.34815612813908,186.5487888854563,186.60000610351562,165.8408712827099,412.5444947169564,486.4940393494017,84.7090052314153,41781900,4706300,8539300,21202900,56502300,27890300
2024-02-13,183.20240783691406,184.52999877929688,165.34744262695312,398.57586669921875,479.61163330078125,83.31072235107422,184.36080215673553,185.3800048828125,167.21668785869483,402.2543946406928,482.5334996770295,83.95122627715273,181.68760308915722,184.3300018310547,163.79132123629455,395.70171738557195,476.35003982173856,83.29268299204894,183.92516926847068,185.35000610351562,166.35324093999716,397.2221636270064,480.04846760997253,83.7708051564016,56529500,9525800,8397600,27824900,113099200,49768500
2024-02-14,182.32122802734375,184.4199981689453,167.0269317626953,402.4282531738281,483.9702453613281,83.73471069335938,183.68752828939827,184.8800048828125,167.09335855725456,402.77222335184723,484.45560372449836,83.9422011546248,180.62821823999963,183.77999877929688,165.49927474998213,397.59311635632974,479.92234357796184,83.2024636256386,183.47962222785034,184.27000427246094,166.11603914000582,401.03275815392834,482.24237077339893,83.26561169948044,54630500,7031600,7056700,20401200,68387800,44191600
2024-02-15,182.0341033935547,185.66000366210938,170.6705322265625,399.5487976074219,487.3094482421875,84.16773986816406,182.65785175424014,186.02000427246094,170.9931539074644,402.07448469518283,487.4938867654942,84.5466283512575,179.54903541760635,185.10000610351562,167.1407907162721,397.3179549607251,484.19342663721847,83.8971013044547,181.727184392981,185.60000610351562,167.1407907162721,401.1015670196542,484.6690979139186,84.40228594857929,65434500,6228900,8723400,21825500,61683000,49598500
2024-02-16,180.49949645996094,186.33999633789062,169.8734893798828,397.0918884277344,484.8826599121094,83.68061828613281,183.0142804515248,186.6699981689453,170.77489862748652,401.24895188558764,488.14425347916483,83.76180574866774,179.86585283584154,184.83999633789062,169.04799026069725,396.4825852713034,484.1449058140717,83.30172281309021,181.5984737728991,185.0800018310547,170.42382695213206,400.9246260176193,487.0085316428908,83.4280258925221,49752500,6518500,8152600,22296500,75532900,33116800
2024-02-20,179.7569122314453,187.47000122070312,170.5376739501953,395.84381103515625,482.2132568359375,83.75275421142578,180.61826736487214,188.02999877929688,171.23034839812226,397.51447618664315,483.8149335308038,84.06850147894565,178.21240712023044,187.39999389648438,169.28519310769673,391.1462443294289,479.9709035383399,83.64450429810395,179.984623854957,187.9600067138672,170.02529871425853,396.2860326967427,483.14513661085397,83.70765237508309,53665600,5531200,9668000,24307900,71736700,24469300
2024-02-21,180.50941467285156,187.47999572753906,171.64784240722656,395.24432373046875,482.6499938964844,83.15736389160156,181.07374623255754,188.0399932861328,171.73325035019496,395.35244235543763,482.80531210783914,83.8068909399221,178.8658962581704,187.10000610351562,169.38957763277347,390.3698682526408,479.10688422021883,83.00400525036605,180.13318356154335,187.8800048828125,170.7464331647667,393.2690069492409,480.9124325062878,83.74374285925897,41371400,5789200,7024000,18518900,59293400,36343100
2024-02-22,182.53903198242188,187.55999755859375,173.70687866210938,404.5509948730469,492.6387023925781,83.5633316040039,183.1231842228548,187.63999938964844,174.0389691999663,405.710638303165,493.59970240133447,83.68061155061645,180.64801151557128,187.0500030517578,171.970472406029,401.52412337910727,488.2898811137423,83.2385680147516,181.65787110291916,187.55999755859375,172.52081000181218,403.1161813071161,489.25091074641995,83.29269986804431,52292200,4550800,9296500,27009900,76402500,45190700
2024-02-23,180.70742797851562,188.6199951171875,174.57981872558594,403.2635803222656,492.97845458984375,84.68195343017578,183.2023913936763,189.17999267578125,175.72792504973566,408.6883757427927,495.1916873577398,84.79922647841154,180.42029946099493,187.4600067138672,173.82073190790015,401.9172111140197,492.25041710535265,83.6715771901348,183.17269052734747,187.55999755859375,174.40901731437765,408.5016799323737,494.35685563775104,83.6715771901348,45119700,6827300,7105800,16295900,61321800,38406700
2024-02-26,179.36093139648438,188.1999969482422,173.98204040527344,400.51190185546875,491.1729431152344,84.42936706542969,180.94503297704767,188.36000061035156,175.02578661879247,405.05222425854834,493.85213073904663,84.8263018777899,178.85598645977296,187.52999877929688,173.1470434344582,400.3349831970826,491.04674520195,84.06852474433069,180.4302078946742,187.7899932861328,174.3520932485434,404.3642838981377,493.4152963659735,84.79923939197009,40867400,4491900,7145400,16193500,50386700,27855000
2024-02-27,180.8163299560547,188.0,174.0674285888672,400.45294189453125,492.0854187011719,83.83396911621094,182.09351248592515,188.72000122070312,174.15282205509578,401.27845233828214,492.3086942109039,84.32111449366042,177.77681047698752,187.8800048828125,172.91932226723353,396.88553712565647,489.96926336586625,83.76179790119045,179.30152539649055,188.5800018310547,173.93458948194154,400.9541264549498,491.8621728153631,84.11362397113298,54318900,5165400,5717100,14835800,48854500,30242000
2024-02-28,179.6183319091797,188.33999633789062,174.94985961914062,400.6888122558594,491.4350280761719,84.36621856689453,181.30144633523983,188.52000427246094,175.72791305734785,402.24155173669396,492.01743437576624,84.4383897838191,178.34114943443706,188.02999877929688,173.60248748692752,398.3302065928444,490.17307863790023,83.8069088422943,180.69750358801915,188.33999633789062,174.04843594056865,401.1408710933735,490.5322390639573,83.96929063906154,48953900,2824100,6131600,13183100,56506600,34574200
2024-02-29,178.95498657226562,189.30999755859375,176.5439453125,406.5067138671875,493.20172119140625,84.96161651611328,180.75691955299587,189.9199981689453,176.89501700223315,407.05705416129825,494.8131144463538,85.06987333606386,177.74710108364005,189.22999572753906,174.44698403277337,398.9198455368932,490.5516835957709,84.60076733223707,179.4698267249393,189.63999938964844,176.1644091332413,401.59293981884394,493.19203416880555,84.63685293888726,136682600,6848600,9643000,31947300,83924800,51038600
2024-03-01,177.87582397460938,192.88999938964844,175.81332397460938,408.3346252441406,497.83197021484375,85.49099731445312,178.7371792855814,193.39999389648438,176.90451583340356,408.6982397267373,498.2590878764062,85.52719629950379,175.61846756104012,189.44000244140625,175.6330536993716,403.7943028017663,493.6676174504883,84.1697654292311,177.76691576574171,190.27000427246094,176.20235797152844,404.17756158377745,494.07533144522296,84.55889588821262,73563100,13411000,6311800,17823400,76844800,45832800
2024-03-04,173.36111450195312,196.00999450683594,177.13221740722656,407.7646789550781,497.298095703125,85.14713287353516,175.14322688917085,196.3300018310547,177.99567880021087,410.15276617969135,499.1424809176813,85.2104862922766,172.06411122315788,193.8800048828125,174.84548820991387,405.2095102002069,497.00689257657365,84.77610526131349,174.40067502541135,194.14999389648438,175.26298666271404,406.3101908967546,497.03604251314806,84.794201306488,81510100,12216300,7063600,17596000,49799300,23864200
2024-03-05,168.4305419921875,197.19000244140625,178.90658569335938,395.7062072753906,492.32806396484375,86.35977172851562,170.33147275577412,198.13999938964844,179.61822683416162,407.1061687535314,495.745005535815,86.58601025794124,167.93550746706842,196.64999389648438,176.82859124567665,393.7308905561475,490.1245478315941,85.94349366288274,169.0641855800497,197.44000244140625,176.82859124567665,406.8211614689715,495.2984545471132,86.17878366667594,95132400,9672200,6617800,26919200,72855600,37721900
2024-03-06,167.44049072265625,198.80999755859375,179.83645629882812,395.1558532714844,494.82275390625,86.86653137207031,169.53944760498507,199.3000030517578,180.3488460192698,398.1729175476419,497.074823378055,87.029423366075,167.00485787713032,197.44000244140625,178.0336378978686,391.51967869638725,493.53171394872805,86.34166330627835,169.3612273012443,198.0800018310547,179.570778102442,396.0206822488724,495.5993152849811,86.41405437808521,68587700,10459300,7572900,22344100,68382400,40571600
2024-03-07,167.3216552734375,199.94000244140625,178.26136779785156,402.08428955078125,499.7345886230469,86.78507995605469,169.0344703547855,200.11000061035156,180.75686085108097,402.71323699020854,500.78297909459656,87.23755690378776,166.81672553933012,198.91000366210938,177.08479697238374,395.30325783772497,494.88100583529064,86.40500097697897,167.47015957545335,199.5399932861328,180.19703992745502,399.11635103541613,498.1135085613306,87.20135791945908,71765100,8403700,7618300,18718500,58652100,39075000
2024-03-08,169.0344696044922,201.6300048828125,178.5934600830078,399.2146301269531,496.7351379394531,86.63124084472656,171.97497562938204,203.3000030517578,180.7189001480093,403.34221201538827,503.0447667007892,86.9208258197651,167.26225281020422,200.4499969482422,178.3088007338345,397.357209279769,496.1624186562773,86.4050023672199,167.32165453074688,200.88999938964844,178.80220930717653,400.9246137706761,500.36563844693006,86.69458734225842,76267000,13540100,6172200,18002200,86532500,25023200
2024-03-11,171.03443908691406,202.0,178.65989685058594,397.5439147949219,496.3080139160156,86.58599853515625,172.6482565736913,202.41000366210938,178.80223378384542,398.68391382966877,496.8904498381802,86.88463501058646,170.34139373001014,201.4600067138672,176.69577458133077,394.34015491255184,493.6094227797772,86.30546500601027,171.2225546353428,201.7100067138672,177.70155853816826,396.7970416276203,495.53145243574386,86.83938454912696,60139500,7329600,5762600,16120800,62557200,17787900
2024-03-12,171.50967407226562,199.7899932861328,180.13059997558594,408.1184387207031,501.64697265625,85.8620376586914,172.30173241116674,200.6300048828125,180.43424047505954,408.40344602882556,502.22937893995004,86.16067415179516,169.31171935776177,199.16000366210938,178.2993170776544,399.7748595225906,495.90028750048145,85.69010108432227,171.43046672764987,200.4199981689453,179.28611974419184,400.59053286353617,498.41446966211043,86.00683362053013,59825400,9436600,5708400,22457000,73114400,29566000
2024-03-13,169.43052673339844,201.19000244140625,181.59185791015625,407.94146728515625,500.8606262207031,85.44577026367188,171.4700666239107,201.86000061035156,181.92394844272968,410.96833845604056,502.14197926945354,85.73535531915421,169.06419090034882,200.35000610351562,180.1306132360268,404.3544187575241,499.4239845817287,85.25573071828525,171.05423942259554,200.44000244140625,180.62402184480607,410.8897312790389,501.9672573875113,85.51816825360554,52488700,5930000,7795500,17115900,55104100,38270100
2024-03-14,171.2819366455078,200.35000610351562,178.35626220703125,417.886962890625,499.87054443359375,84.13359069824219,172.57892461566286,200.47000122070312,181.8290747228508,420.4421311587594,501.9866995940405,84.8394538495904,170.34137411890524,199.33999633789062,177.5307630516754,410.7816354740665,496.8321966177629,84.03404518671847,171.1928340614332,200.3699951171875,181.25975597395745,412.9928335922281,501.831351753217,84.82135780397356,72913500,6865000,10310900,34157300,110171800,58365600
2024-03-15,170.90573120117188,199.7100067138672,180.5670928955078,409.23876953125,496.4381103515625,84.1064453125,170.90573120117188,200.6300048828125,181.17435946088082,415.31218703472393,498.2590153922283,84.33268386184135,168.5988682774061,199.57000732421875,176.9424601771041,405.67136478668334,494.7730358188075,83.97070080204468,169.47013396047814,199.94000244140625,176.9424601771041,412.05927102600424,496.80813351794416,84.21503539746217,121752700,4556700,17214200,45079900,107646300,34997700
2024-03-18,171.9947967529297,200.02999877929688,182.806396484375,410.12322998046875,499.3885192871094,83.8530502319336,175.94517770513775,200.14999389648438,182.84434431154483,413.4744273628243,501.93969410963876,84.15167983774454,171.7967859641753,199.50999450683594,180.17806424275938,406.6442696787311,498.97956820958467,83.70825426187217,173.82643054023092,199.66000366210938,180.88022211160907,407.10616562272253,500.4985887866016,83.9163967427725,75604200,7206800,9013800,20106000,88893300,29519500
2024-03-19,174.33135986328125,199.8000030517578,183.87857055664062,414.1426696777344,502.16375732421875,84.08834075927734,174.85609525037736,199.80999755859375,184.01140965328761,414.3981955018545,502.44611843714694,84.40507334146714,171.31164624406932,198.94000244140625,182.5406962541158,408.3837114296865,497.6942976787681,83.88020516423225,172.6086342803731,199.6199951171875,182.85382008443563,410.62439098905713,498.69727097739485,84.02499424283938,55215200,4657500,8478700,19837900,60755300,26953100
2024-03-20,176.8956298828125,202.17999267578125,186.28868103027344,417.8968200683594,506.8083801269531,84.06119537353516,176.8956298828125,202.66000366210938,186.50691359955096,418.61421185332546,506.94471696954355,84.87565553717488,173.3511809805003,199.1199951171875,183.70779458867116,413.4056235884817,501.5502591703246,83.51822423252622,173.97492929704185,199.16000366210938,184.25813215855158,414.7225113763612,502.22213711517423,84.25123492767565,53423100,9593800,9367000,17860100,69594600,43460100
2024-03-21,169.66812133789062,201.97000122070312,188.87905883789062,421.9654235839844,508.4832458496094,84.2421646118164,175.72735394947048,203.9199981689453,189.23013052665834,423.3904300401875,510.34304922248214,84.54985256226752,169.14338597139206,200.60000610351562,186.2886889495495,419.7935438740281,508.20082532016534,83.91638752347274,175.29172116809335,203.8800048828125,186.46897370163362,422.41748239432127,509.6419901809582,84.4050566081138,106181300,7396500,11203800,21296200,60256100,34276600
2024-03-22,170.56907653808594,200.35000610351562,186.5638427734375,421.34625244140625,507.5191650390625,85.0475845336914,171.33143385532912,201.86000061035156,190.22642320705918,422.446932938044,508.8823549532907,85.25572009850912,168.37112227286767,199.72000122070312,186.48793264526574,418.7223141130456,507.2854193036717,84.86658958140266,170.05423645695066,201.32000732421875,188.83160536845347,422.2897185739193,508.3954886770838,85.23762405540597,71160100,6918500,8108800,17648500,79070800,30262300
2024-03-25,169.15333557128906,200.99000549316406,184.85594177246094,415.5676574707031,506.1169738769531,84.62224578857422,170.2325074163458,201.9499969482422,186.86750977989115,420.03920955948905,507.2659711253938,84.83943280336062,167.76722957196378,200.97000122070312,184.41946209318417,414.33921403828305,505.96114339097517,84.43220628760479,168.87611739287553,201.19000244140625,186.5449025482049,417.9066185646381,506.1461549481259,84.80323381685444,54288300,4034800,8620000,18060500,48512100,24011800
2024-03-26,168.02464294433594,201.63999938964844,185.71937561035156,414.3785095214844,505.1822814941406,84.8575439453125,169.71765273934344,202.75999450683594,186.6018182440371,418.6436612820826,507.87954020766836,84.9480448798084,167.89592911986227,201.07000732421875,184.13478957869043,414.0836951106592,504.7830772199743,84.41411836414066,168.3117563520967,202.64999389648438,184.6376815447347,418.270209700842,507.5386980888141,84.62226084752855,57388400,5752700,5961500,16725600,65463700,34423000
2024-03-27,171.58883666992188,203.10000610351562,189.31553649902344,414.1623229980469,509.4276428222656,85.69913482666016,171.87596510768358,203.22000122070312,189.3914466295502,417.13026150811925,509.4666301607913,85.69913482666016,168.42061924778187,202.32000732421875,186.33613264813874,411.78407332169564,505.84431416109436,85.01137480757113,168.71764293581896,202.32000732421875,186.4499906047404,417.1204243635022,508.00603133212223,85.05661836174113,60273300,6041000,8725800,16705000,82999800,50157800
2024-03-28,169.77703857421875,205.72000122070312,190.05564880371094,413.464599609375,509.3303527832031,85.62676239013672,170.51959037094832,206.0500030517578,190.4541661440958,414.59476162825587,510.8298796934876,85.98873851925927,168.81667037520143,203.8699951171875,188.38565483061902,411.89218593509474,509.04799170553036,85.35527338904271,170.0443614510728,204.5399932861328,189.28707861308453,413.70045116356334,509.46668962011773,85.50911393434501,65672700,9194500,8628300,21871200,96294900,34540400
2024-04-01,168.34141540527344,207.82000732421875,188.76516723632812,417.2481994628906,508.4442443847656,84.03059387207031,169.54930068295263,208.72999572753906,190.66287674592687,420.5109524938084,510.60596189996124,84.7115549020641,167.79687448381927,206.2899932861328,188.4140956101322,414.9387197575333,507.28550008559404,83.94887494638228,169.48989896556722,208.67999267578125,189.76146762454238,416.6388963047316,510.07042079723595,84.7024734820779,46240500,13677100,7309000,16316000,62477500,48945400
2024-04-02,167.1632537841797,210.88999938964844,188.68927001953125,414.1722106933594,505.21148681640625,83.56753540039062,167.65828830624176,211.02999877929688,189.56221471622638,415.0960026612766,505.3477642225264,83.71280347943042,166.55931106297376,208.36000061035156,187.94916441845547,410.6342871982826,502.9134325371014,82.93196763919752,167.40087579338118,209.07000732421875,188.24330709601438,412.8651299341305,504.62721155274875,83.14079872874083,49329500,13421100,7014700,17912000,74230300,43086300
2024-04-03,167.9652099609375,212.74000549316406,188.15794372558594,413.19927978515625,505.7664794921875,83.54936981201172,168.98497988400436,212.8300018310547,189.3534957773421,415.960818454912,507.266065898289,83.57661407008545,166.90584392266877,210.3000030517578,187.58862495139087,411.86271762245,504.0721940901131,82.66866609290732,167.11374996517486,210.57000732421875,188.8600871382649,412.49169510873463,504.1208688391064,82.85933433686353,47691700,11416200,9353400,16502300,59155800,45494400
2024-04-04,167.1434783935547,211.52000427246094,186.72633361816406,410.673583984375,499.593017578125,84.14862060546875,170.2126836435028,213.4499969482422,190.5725228336972,421.27751676074166,510.1093183056524,84.2212581077022,167.1434783935547,211.02000427246094,186.63090338860295,410.3689323931849,499.2911628340767,83.56753444178808,168.59886612133832,212.0,190.06669747224808,417.66095627375125,509.76853565111946,84.10322043479947,53704400,12307300,9243800,19370900,96858100,47957400
2024-04-05,167.89593505859375,215.13999938964844,188.44422912597656,418.1817626953125,504.8122253417969,82.97734832763672,168.69788868535903,215.74000549316406,189.08366842916283,419.1547102273811,506.7694375345306,83.69462791604526,167.27218663455102,212.22000122070312,186.21096089165496,411.10594695925613,500.5083435441168,82.96826691011228,167.90583031188157,212.49000549316406,187.21307291356746,412.7668047759354,500.94653513579135,83.24973543663457,42104800,13382700,6532300,16554800,74546500,42495900
2024-04-08,166.7771453857422,216.47999572753906,189.42724609375,417.2678527832031,505.0946350097656,82.96826934814453,167.51969724864153,216.80999755859375,189.90444089970362,419.91146556821536,506.51630625250846,83.15893755920906,166.56923932419392,214.61000061035156,188.60647044499663,416.00009070624833,504.2864795999242,82.74128239300693,167.35138730592178,215.97999572753906,188.60647044499663,417.8378673566601,505.5133924018632,82.83208271673568,37425500,10331400,8001000,14272400,48401800,37879800
2024-04-09,167.98500061035156,217.6699981689453,188.15792846679688,418.9287414550781,505.67889404296875,83.74003601074219,168.39093251447707,218.86000061035156,189.80903317635733,420.3635551563133,507.0713247303679,83.85806674137535,166.67811742351924,216.4499969482422,186.02010480291608,414.3491001983128,500.83941141698267,83.3859299646575,167.02463249925154,217.80999755859375,189.03597982912675,419.08598583198443,506.8278915451877,83.41317421981216,42373800,13069900,7351500,12496900,68049200,32522000
2024-04-10,166.11378479003906,215.61000061035156,186.55453491210938,415.9607849121094,500.6154479980469,81.91507720947266,167.4107728345435,217.77999877929688,188.08156408606877,416.7174952724338,502.6018412987628,82.89566280224824,165.45044033625643,214.67999267578125,185.3233641819326,412.4621804028437,498.6388015333815,81.76072769776562,167.12365945587084,215.3699951171875,186.63088782709028,414.90923013212864,499.9922448100833,82.80486245221431,49709300,13317500,7681400,16216600,82652800,74368900
2024-04-11,173.30166625976562,219.8000030517578,186.51637268066406,420.55023193359375,504.3934631347656,81.54278564453125,173.71750852250418,219.83999633789062,187.60439092248092,421.96540116941117,505.8345682969367,82.11479716341222,166.49000200344838,215.88999938964844,184.42627146372058,415.07628079166767,498.62898305416263,81.2704054743375,166.6682071669761,216.85000610351562,187.0603818015725,418.4766338120234,502.1343964769264,82.06031558770016,91070300,11415200,10137700,17966400,70099000,65751200
2024-04-12,174.7967071533203,216.88999938964844,174.452880859375,414.6242370605469,497.4313049316406,81.9786148071289,176.58872985356905,225.08999633789062,180.31283283345405,417.84767154999884,502.270757144988,82.57785680504163,172.47994902506244,216.02000427246094,174.21428344257563,412.5309645735886,495.70777921046096,81.96953338875508,172.52944039553972,221.8699951171875,179.730669116781,416.7371538463039,500.8588329878134,82.2963951792866,101670900,30898800,31532300,19253800,92561100,47900100
2024-04-15,170.97500610351562,220.9499969482422,174.54832458496094,406.5067138671875,491.199462890625,80.7074966430664,174.87588010863277,221.02999877929688,178.90989232756837,419.4594150607099,501.7644387082916,81.04343989464407,170.78689058947398,215.16000366210938,173.88979338856458,406.30031376342345,490.3522904966187,80.37155339148875,173.61848833629102,217.94000244140625,176.0848925222756,419.2432078029309,501.5989207934361,81.00712114362808,73531800,13239000,14766600,20273500,92101400,55993100
2024-04-16,167.69790649414062,221.22000122070312,172.55368041992188,407.4305114746094,490.3035583496094,80.17178344726562,172.0343988146065,221.99000549316406,174.80604095219934,411.18464237420096,493.19554526269036,80.4260076910194,166.59892920522176,218.77999877929688,171.4561234016168,406.5951938062803,489.01822422913784,79.70872818780494,170.04436539186383,220.17999267578125,174.5578902815886,407.42070431973565,491.6765248352094,79.94479652575819,73711200,10746100,16451800,16765600,73484000,45103200
2024-04-17,166.33160400390625,219.58999633789062,171.8665008544922,404.7377624511719,487.4018859863281,81.06157684326172,168.95528100035153,221.75999450683594,174.0997692825039,411.65636514019064,492.9229634124424,81.15237023601495,166.33160400390625,218.52000427246094,171.02663324895016,403.2537929988289,486.00945537176443,80.31705993933835,167.9256158132339,221.0500030517578,173.09765717367875,410.054469901942,492.7574157801548,80.68932185484596,50901200,11521100,9017100,15855500,75910300,57947000
2024-04-18,165.38113403320312,220.33999633789062,172.98313903808594,397.2982177734375,486.39892578125,80.65300750732422,166.96525061902096,221.4600067138672,174.9969019564357,404.78683351626455,490.88784877913054,81.05249984262616,164.89600984807865,219.30999755859375,171.76152134535386,396.98375907390033,485.46415075166374,80.43509504033163,166.36130787024413,221.30999755859375,172.839986403325,403.54855304068116,488.7943295112607,81.02526251602515,43122900,6496900,9557700,21029900,74548100,43839500
2024-04-19,163.36138916015625,221.02999877929688,177.3256072998047,392.237060546875,482.1534729003906,80.94353485107422,164.74747975255278,222.36000061035156,177.40196022253804,398.4873961854359,487.3142441699,81.1614403487491,162.45052746983075,220.0800018310547,173.1358371435667,390.9103356715456,480.8876025986124,80.72562935339934,164.559379327856,220.49000549316406,174.08067361637623,397.0623898394721,486.32104754330464,81.1614403487491,68149400,8689000,13402300,30565800,102212600,44826800
2024-04-22,164.1930389404297,215.57000732421875,180.7709503173828,394.04534912109375,486.59368896484375,80.807373046875,165.59893510418706,216.9600067138672,181.45811204263342,395.9027700554988,489.18382142190774,80.91632930204021,163.13367296874276,215.13999938964844,177.49738618697634,388.9252051027742,482.4163675078979,80.4895926281768,163.8762247169617,216.35000610351562,177.5069394038577,393.18052011404563,484.75331996273405,80.5168299601947,48116400,13404300,11529700,20286900,67961000,24969000
2024-04-23,165.24252319335938,215.0399932861328,183.37643432617188,400.5414123535156,492.3679504394531,80.8346176147461,165.39104261951863,215.86000061035156,183.46232590313252,401.1605527245356,492.79639521919916,81.29767308178133,163.28219064755024,213.8699951171875,181.83032768955627,396.10917826173034,486.4087108687592,80.39880640926111,163.70792820716713,213.9600067138672,182.4125059825634,397.2688218184954,488.5996095177476,80.56223734309154,49537800,10730300,9144400,15734500,64633600,27222700
2024-04-24,167.3414764404297,214.63999938964844,184.2735595703125,402.0056457519531,492.13427734375,80.26261138916016,167.6186945681344,216.35000610351562,184.41671219594375,405.3568429660157,494.0427852311199,80.4714355676895,164.55938480415762,214.36000061035156,181.49628213042132,399.76496617669443,489.9141678416356,79.44545673447247,164.88609429896647,214.75999450683594,181.83986299476692,402.4970231148721,493.2540640735244,80.40787947938568,48251800,5741100,6964900,15065300,55928100,48986800
2024-04-25,168.2028350830078,215.9199981689453,184.55032348632812,392.15850830078125,490.2646789550781,79.69966888427734,168.9156860278579,217.0500030517578,185.0943325814848,392.99385593125254,491.0241892900092,79.80862513058396,166.4801094484109,214.33999633789062,182.46020780549338,381.3383676792714,484.4222826199273,79.30016957491277,167.84640961058278,214.47000122070312,183.48141172959566,387.2348968478242,486.0678932982719,79.40912582121939,50558300,6606500,9802300,40586500,69122400,49282600
2024-04-26,167.6186981201172,216.6199951171875,184.66485595703125,399.31292724609375,494.9093933105469,80.1173324584961,169.63843239437367,217.07000732421875,185.98190375230607,405.8777219430486,496.48683553540934,80.45327572431796,167.49987955768663,215.52999877929688,184.25446084078007,398.7625869715763,492.41663996726425,79.94482704272271,168.19293999888993,216.77000427246094,184.74120887546937,405.0620486762338,493.04956028124485,80.12641387840851,44838400,6268500,6413700,29694700,64306100,31589800
2024-04-29,171.7769775390625,216.17999267578125,184.4644317626953,395.3131103515625,496.6620788574219,80.78922271728516,174.28185098854456,217.22000122070312,185.3997295490782,399.31292950505053,497.33395677101214,80.82553454442252,171.38095596804143,215.25,183.65319472901302,392.30588312333157,493.9258924563797,80.33524868003316,171.64826373021612,216.02000427246094,184.65530678155278,398.2613746922827,496.69128964862307,80.49867961052765,68169400,6409900,5387800,19582100,46415400,39228600
2024-04-30,168.63845825195312,211.8699951171875,182.99465942382812,382.6158752441406,488.79437255859375,80.09915924072266,173.25218351807536,214.1300048828125,186.09642549292656,395.2246348761621,496.1752536684076,80.56221457690243,168.31173366197407,211.8000030517578,182.89921464272427,382.4586608840312,488.79437255859375,79.9902030065944,171.6086653165762,213.3800048828125,184.01584868006023,394.5661760291184,495.2015209263445,80.2807460371775,65934800,11248600,8153700,28781400,77483600,41054700
2024-05-01,167.6186981201172,213.7899932861328,183.10919189453125,388.129150390625,487.2071533203125,80.68958282470703,170.99483730573115,215.5,185.5906107156563,394.79222617325195,494.841213980312,81.2818180709184,167.43058257791944,212.41000366210938,182.08798801756038,383.5789912516123,486.7397509352648,80.39802181983781,167.8959162536964,212.9600067138672,183.50049513128624,385.83931510454033,488.2100967940072,80.72602881923602,50383100,10373900,7445300,23562500,80242800,59679500
2024-05-02,171.31163024902344,213.1300048828125,182.91835021972656,390.97918701171875,491.76422119140625,81.03582000732422,171.69775653757537,213.7100067138672,184.67442393414981,393.0331410549717,492.6016467604268,81.09959876282943,169.19288328746214,211.49000549316406,180.87595665640484,387.84419663220166,486.4281553313073,80.20668923439352,170.79679016186972,211.89999389648438,184.26404331556682,390.8022983361386,490.9073316662554,80.37069274160163,94214900,6287000,6501700,17709400,62550200,58925400
2024-05-03,181.55886840820312,212.9600067138672,181.8207550048828,399.6470947265625,497.85980224609375,81.85582733154297,185.14291355827163,213.22999572753906,183.74862604851333,400.12863501045786,499.08668524553275,82.11094929476485,180.84601747897057,210.7100067138672,179.86426800149363,394.9298534066163,495.20150126804214,81.33648407129748,184.7963833456082,212.88999938964844,183.2428007323514,395.34262364373967,497.73321224009646,81.93783255756212,163224100,8679900,8922800,17446700,72756700,50066100
2024-05-06,179.9054412841797,215.1999969482422,183.24282836914062,406.4084167480469,503.0010681152344,82.1747055053711,182.37070337959045,215.91000366210938,183.43370340279216,406.7916755135943,503.039996024656,82.22937100681274,178.62824383792136,214.47000122070312,181.16226574552516,399.36205183771864,499.81694342031363,81.70091465500747,180.5390848280799,215.13999938964844,182.98513906415366,401.7108501382599,500.25513498697876,81.88314457874763,78569700,6840500,7911100,16996600,47264700,23868200
2024-05-07,180.58860778808594,214.2100067138672,183.0042266845703,402.2808532714844,503.55615234375,82.67583465576172,183.06378067502382,214.92999267578125,184.13039955093174,407.5189532422579,504.9485829994704,83.13139910695271,179.5193463953144,213.8800048828125,182.90878188854626,402.03516456718575,502.8842743906612,82.55739040094232,181.62818342205114,214.52000427246094,182.95650428655827,407.50911609687097,503.9651034446084,82.82161861679653,77305800,5660700,7688800,20018200,52561300,30525800
2024-05-08,180.9252166748047,213.5800018310547,186.72633361816406,403.460205078125,503.60479736328125,82.1747055053711,181.25194126160505,214.8000030517578,187.6807232907595,405.1210632585712,504.14033844049237,82.42070721321932,179.64801918938014,213.5,182.28842746572758,399.6962370156749,501.6086572944442,82.14737275465028,181.0341248704048,213.6199951171875,182.28842746572758,401.1310807635334,501.72550045922026,82.28403650825439,45057100,4462700,9227600,11792300,42047200,31171700
2024-05-09,182.73704528808594,216.9499969482422,188.49197387695312,405.20947265625,506.50653076171875,82.57562255859375,182.82614787366472,216.9499969482422,188.57786545857692,405.60256858412407,506.5455181068331,82.70318006834096,180.3014688648197,214.44000244140625,186.2014443233279,402.04500095122404,503.1374535973279,81.8376102591473,180.74699689996783,214.47999572753906,186.26824403253585,403.48965172941627,503.7898378767789,81.88316949178399,48983000,7732500,7977300,14689700,43643700,39606700
2024-05-10,181.47793579101562,218.7100067138672,189.7040557861328,407.5876770019531,507.15899658203125,82.1109390258789,183.50040923773955,219.60000610351562,190.24805037411755,408.2166544093559,508.91170366265516,82.34782753505817,180.5658387363955,218.0800018310547,189.22686090836316,404.69837576819543,505.9418306327187,81.96515506512688,183.3120385724197,219.22000122070312,189.48453565711975,405.81873052839654,508.1034888313709,82.25671603526908,50759500,8700900,7529800,13402300,52233200,21913800
2024-05-13,184.6802215576172,216.25999450683594,189.6658477783203,406.5852966308594,507.22705078125,82.32048797607422,185.49318663872077,217.30999755859375,190.734774070511,411.13545592488975,508.94082976185797,82.5573834170348,183.0344740478803,215.8000030517578,189.00731660118564,403.7353138522874,506.0878002167031,82.28404198889865,183.84743912898392,217.05999755859375,189.7326620428204,410.8013229086305,508.8337334335511,82.50271791195208,72044800,4896300,7049200,15440200,36716400,23157500
2024-05-14,185.82032775878906,218.08999633789062,192.31906127929688,409.3763427734375,509.55426025390625,82.7851791381836,186.68286641073877,218.3800048828125,192.385875547787,410.29029755221785,510.07036706182174,82.83984465219055,184.69011878206607,216.97999572753906,189.121864553999,404.45273155985166,506.88624242560803,82.38428016516615,185.89964252722956,217.30999755859375,189.9235483988948,404.91462752191757,507.4217834719146,82.59384288779684,52393600,4662700,8596200,15109300,57535900,25746400
2024-05-15,188.09068298339844,220.88999938964844,192.8916778564453,416.5338134765625,515.8641967773438,83.91497039794922,189.01268886802714,221.19000244140625,193.44522555826163,417.25252925056685,516.1563047340521,84.06075435877355,185.76085876781028,217.64999389648438,190.65840974289043,410.81371203905996,511.38499019072265,83.48673870223008,186.2962297111884,219.05999755859375,192.7962330736797,411.43396907005973,512.0179402902028,83.70541464346657,70400000,9297700,8370000,22239500,59504900,65142900
2024-05-16,188.2096405029297,220.02999877929688,193.23526000976562,414.4761962890625,514.8027954101562,83.8329849243164,189.458829238671,220.58999633789062,195.15357782872618,418.8376756715858,517.5584758697495,84.20654421604127,188.03119361367854,219.41000366210938,192.77715708757773,413.84611435268135,514.6567117176663,83.7692061695652,188.83423487080034,220.13999938964844,192.99666261404684,415.2736611097877,515.9615398171848,84.17921145705688,52845200,4301700,8497900,17530100,50244800,37902400
2024-05-17,188.2393798828125,223.66000366210938,195.44944763183594,413.708251953125,515.542724609375,83.26805877685547,189.1713095252472,223.85000610351562,195.69759825802052,416.37634285020215,515.6108930215729,83.64162491388639,187.55530322495105,221.6699981689453,193.55976022547813,411.56198942365705,513.4686694664939,83.22249955724064,187.8824709799172,222.17999267578125,194.51414986383685,416.00221762948183,514.9195214966393,83.4958409722077,41282900,10481900,9260500,15352200,59187600,24755000
2024-05-20,189.39932250976562,224.55999755859375,186.65953063964844,418.7588806152344,516.1368408203125,83.0220718383789,190.27176982167657,225.66000366210938,196.48974700752038,420.1667475860199,517.5974401200076,83.20429484654318,187.38675756521698,223.02000427246094,186.48773292892272,413.49165301735496,515.2702043054951,82.9218470984799,187.7040166341828,223.7899932861328,195.06770117767758,413.7082502471213,515.6597212248555,82.98562584647361,44361300,5990900,17373300,16272100,37764200,17922800
2024-05-21,190.69808959960938,224.22999572753906,190.4198455810547,422.4016418457031,517.4026489257812,83.4502944946289,191.07481584379752,225.2100067138672,190.78250378063117,426.27082729608003,517.5584794564415,83.61429797837867,189.28036268210627,223.6999969482422,187.6330292793257,418.2764696581723,515.1728221981522,83.30451748205246,189.44890089382775,224.77000427246094,188.0147793513531,420.22581467067795,515.3773274826686,83.57785893875607,42309400,4002600,14420800,21453300,33437000,15334400
2024-05-22,189.2605438232422,220.11000061035156,189.26499938964844,423.8586730957031,515.9127807617188,83.55055236816406,191.16406816634918,223.24000549316406,191.7750486996597,425.7194440737325,517.4220544657823,83.62344437904227,188.63596455316463,219.74000549316406,188.67328249730463,420.52114124540867,513.741316563043,83.14966021106339,190.6187885434668,223.08999633789062,189.92353054420116,423.435333576869,516.7112486575287,83.1587664988996,34648500,8903100,9425300,18073700,48390000,38073700
2024-05-23,185.2750701904297,215.72000122070312,187.9384002685547,420.39324951171875,512.14453125,83.0129623413086,189.35968258649532,219.22999572753906,189.25546259056458,426.89113712917566,519.0677572803991,83.64164356510567,185.02721720275102,215.66000366210938,187.12717783768824,418.8377092557477,510.9370526401655,82.74873410161652,189.3398501117122,218.77999877929688,188.78780643900882,426.27087998656725,518.9606609347318,83.64164356510567,51005900,9537900,8069400,17211700,57211200,51294700
2024-05-24,188.34841918945312,215.9199981689453,191.5555419921875,423.5043029785156,515.5330200195312,83.25894927978516,188.94327235106317,217.2100067138672,191.60324982166694,424.39037161476875,516.3412347653415,83.3409544885005,186.4250777783575,215.74000549316406,188.5492060306778,417.84327052223153,513.0402667962413,82.82161133784082,187.19839293954828,216.9600067138672,188.73054238375408,420.58025544710625,513.9847589456947,82.88539007734776,36327000,4212400,7356200,11855300,41291100,19164400
2024-05-28,188.3583984375,218.19000244140625,190.40074157714844,423.6618347167969,515.8932495117188,82.06537628173828,191.34254354103643,218.58999633789062,191.26923968293062,424.1540984130066,516.5748741957514,83.24073334730095,187.47604223560722,217.2100067138672,189.59905773927144,419.99939161518114,513.2641596915468,82.02893029311291,189.8653340024244,218.42999267578125,190.74432244521444,422.98250841239616,516.3411878885217,83.2134005936723,52280100,3809700,6910200,15718000,36269600,45973700
2024-05-29,188.65577697753906,216.16000366210938,189.07412719726562,422.5296325683594,512.2806396484375,81.072265625,190.59895109353056,217.16000366210938,189.91399471851386,424.27223522977,513.4588773578208,81.45493815624457,187.8824768517226,216.1199951171875,187.90977070201868,419.1034664398289,511.5698339483505,80.79892413047504,187.98162409974876,216.9199981689453,188.9691437571096,419.1034664398289,511.8716886432286,81.40026568652179,53068000,4185000,6120000,15517100,45190300,45508400
2024-05-30,189.64718627929688,216.57000732421875,190.23846435546875,408.25396728515625,508.88238525390625,81.85582733154297,190.52954231443272,217.50999450683594,190.73475098238154,417.7349403773821,511.4043788648702,81.97427855230809,188.99286588586446,216.41000366210938,189.35087453112806,407.8305976923989,507.6360384172024,81.49138128680859,189.12173915319045,216.69000244140625,189.5035803490748,417.7349403773821,510.7422478216335,81.6371583144298,49889100,3068800,6829100,28394500,46377600,29548600
2024-05-31,190.59893798828125,215.3000030517578,193.3879852294922,408.7068786621094,513.5173950195312,82.41162109375,190.9161970579539,217.9600067138672,194.02742456659686,410.3018082986228,513.6439850215788,82.60296431447195,188.2790377703441,214.64999389648438,189.3031985702233,398.25120211572766,504.7440541264526,82.22939806141676,189.79589676882185,217.77000427246094,190.20986585230213,410.3018082986228,509.8367164200918,82.43896080482678,75158300,5617200,14417900,47995300,90785800,41308800
2024-06-03,192.3636474609375,217.22000122070312,192.6149139404297,407.12176513671875,513.9360961914062,83.74458312988281,193.31540952983562,217.82000732421875,193.18753895642425,409.9867435149057,515.4064420460951,83.80857980411778,190.86662095571478,215.5399932861328,190.1048646599734,402.5929630717942,508.87267437322015,82.83948531566966,191.24334718637152,215.9199981689453,193.0825555190675,409.1006748520027,515.1240809646227,82.86691146532547,50080500,6172600,6444300,17484700,46835700,42272100
2024-06-04,192.680908203125,215.27000427246094,190.0762481689453,409.63232421875,514.5106811523438,84.72279357910156,193.64257895328527,216.24000549316406,192.7676194373073,409.99659455099004,515.2507275789484,84.84164948790085,191.37223723797064,214.1999969482422,189.2363806080914,403.341179685009,511.17078482758455,84.10110881998348,192.96841099700254,216.24000549316406,191.0306378288864,406.04863004617806,512.6313840068518,84.29309877829924,47471400,5509400,6848300,14348900,34632700,42581500
2024-06-05,194.1878662109375,217.82000732421875,188.2628936767578,417.449462890625,520.6256713867188,85.34452056884766,195.20901937445223,218.0800018310547,190.70614336889636,417.5183569725432,520.6451650598835,85.34452056884766,193.19645419760306,215.92999267578125,187.93840469676562,409.8587351784671,514.84169649016,84.46684876434767,193.72190135445058,216.69000244140625,190.6488677581653,411.3453811328119,516.8281493311971,85.02453714665216,54156800,5479200,8351600,16988000,47610400,43153900
2024-06-06,192.80979919433594,219.42999267578125,187.92886352539062,417.9515380859375,520.615966796875,85.21649169921875,194.8124556459051,219.97000122070312,188.9882365858564,418.7293231019465,521.3560132540258,85.41762604512594,192.5024638984892,218.10000610351562,186.4209261786032,414.0724979392672,518.6879948188819,84.89650841032665,194.0094143560484,218.36000061035156,188.2628911546147,417.44944957036887,520.9275684331457,84.95136069553313,41181800,5283900,7640300,14861300,30808500,22891900
2024-06-07,195.19912719726562,211.60000610351562,190.8302459716797,417.2919921875,519.9829711914062,83.65314483642578,195.24870082767134,215.19000244140625,191.7560052833316,419.6843868320105,522.787325920015,83.9548463770761,192.47274393017977,211.5399932861328,188.02433750649416,416.4551377927853,518.5515533208824,83.56172202944137,192.97835865372278,215.07000732421875,188.4251794925445,419.6056378509834,519.6421291117942,83.9548463770761,53103900,12195100,6964500,13621700,43224500,35240500
2024-06-10,191.4614715576172,213.5399932861328,190.50572204589844,421.2497253417969,521.589599609375,83.095458984375,195.60558138834554,214.02000427246094,191.6796172589224,421.45646767892094,521.9109480214009,83.2508784581331,190.49980075281104,212.75999450683594,189.38908788285167,417.33132559781046,518.5807990347079,82.87604284641571,195.20900753042525,213.1300048828125,190.15260252915212,418.12879037210877,519.1747616812378,83.1960261674216,97010200,4215300,6070800,13982900,35686100,20586500
2024-06-11,205.37095642089844,214.14999389648438,185.4951934814453,425.9853210449219,522.8458251953125,83.95484924316406,205.3808802210458,214.3800048828125,188.91191055404266,426.1231693068597,522.9042467845098,83.9914197622289,191.96707924808354,213.24000549316406,184.7698625098068,418.670289453605,518.0745108271142,83.12288562844394,191.98689659289002,213.9499969482422,188.88328002640114,418.89674157876317,520.0414700499772,83.22345281209392,172373300,4004100,9235300,14551100,36383400,30329200
2024-06-12,211.24014282226562,214.72000122070312,182.7942352294922,434.2356872558594,527.139892578125,84.58567810058594,218.30889945026047,216.5500030517578,187.74751948346045,436.5394779500611,529.8274041983666,85.54563511921036,205.1231180281253,214.1999969482422,182.58426835670835,426.5465300525426,526.1077383475028,84.55825195293048,205.58908283581826,216.47000122070312,187.06035782031864,428.58450914389596,527.4028194115604,85.04279916181397,198134300,5911900,12751300,22366200,63251300,42554600
2024-06-13,212.40011596679688,212.97000122070312,184.82713317871094,434.74761962890625,528.2012939453125,85.82905578613281,214.8885546834631,214.9600067138672,185.70517005199585,436.52964196122593,529.0581834417079,85.9296229867995,209.7827888470424,212.25999450683594,182.1739306851581,432.57182236972,525.4164327979901,84.9788102555691,212.8958219752939,214.44000244140625,183.5482543347633,434.0289338170149,528.8829186945259,85.22565955724716,97862700,5861100,8587800,15960600,44760900,33093800
2024-06-14,210.66513061523438,215.72999572753906,184.94163513183594,435.7222595214844,528.522705078125,86.55131530761719,213.32210737882852,216.0399932861328,185.97237775666235,436.2834473000101,528.551886156822,86.70673482178942,209.4853479747781,214.97999572753906,182.68927485451107,429.962768739338,525.6696157422205,86.15819084669532,212.01345147179217,215.33999633789062,182.71790538052034,431.4986289418585,526.6725890295746,86.32275473673506,70122700,7076500,6874000,13582000,40089900,28776700
2024-06-17,214.80921936035156,214.61000061035156,186.0869140625,441.4325256347656,532.7291870117188,85.6919174194336,217.06963733267014,215.24000549316406,186.65955375205004,443.9627681496181,534.1216772051151,85.76505148832499,210.8931452933454,213.60000610351562,183.85364548635286,433.9008973733048,527.3834034899254,85.28050427823946,211.5375569916551,214.89999389648438,184.65532940145712,435.741958721063,527.8410888070123,85.49992043514135,93728300,3877700,8725400,20790000,55839500,31040200
2024-06-18,212.4496612548828,215.47000122070312,188.0147705078125,439.43402099609375,534.0826416015625,86.47816467285156,216.75240063817128,215.8300018310547,188.930991025547,443.1752436957469,534.2092316077063,86.48730904770628,211.1707464886947,214.0399932861328,185.27567673463204,438.0064740825415,532.3688625324717,85.69192281320464,215.72132373307375,214.3800048828125,185.72424105772285,442.75187401673554,532.7875604635906,85.83819793530839,79943300,4921400,9023000,17112500,41376400,26881000
2024-06-20,207.87924194335938,218.16000366210938,189.6085968017578,438.8038330078125,532.6317138671875,85.90217590332031,212.4000929584359,218.74000549316406,190.35301959036525,439.6209774531351,535.6697547200665,85.93874641966137,207.05638337080816,216.14999389648438,187.16536154039684,434.442354200725,530.8595134643548,85.33534336270323,212.0927425591543,216.32000732421875,187.43258948693125,439.39452535605096,535.0076237066871,85.39934699763465,86172500,7290500,8731100,19877400,70328200,30246300
2024-06-21,205.7080841064453,214.77999877929688,187.34671020507812,442.8207092285156,531.9176635742188,85.90217590332031,210.07029091430852,217.89999389648438,188.17702462466875,443.6083190884872,533.0313142277637,86.37758564064117,205.33134270047418,214.25999450683594,185.36157778424015,439.6013156180092,530.4621308750893,85.5639038585002,208.58317289420788,217.8300018310547,187.73801349633672,440.4578496032106,531.810221745453,86.15816254259488,241805100,8865600,20972100,34187100,64338600,22596400
2024-06-24,206.35247802734375,215.6300048828125,189.80902099609375,440.743408203125,530.1885986328125,86.24960327148438,210.87331399723786,215.94000244140625,190.14304864072443,445.74479433203504,534.3012597413704,86.24960327148438,204.8157865138524,215.1999969482422,188.1102085595612,439.5028940256874,530.0713785197397,85.70105936258817,205.93608683303725,215.5500030517578,188.78781706567207,442.8404263927747,531.7418545665156,85.98447917935736,80727000,4626900,9785900,15913700,45528700,56939100
2024-06-25,207.27450561523438,214.55999755859375,189.03598022460938,443.97259521484375,532.2302856445312,86.39588165283203,209.5646648210329,215.30999755859375,190.9447596786857,444.4353242448053,532.5917242597523,86.44159654957222,206.81844945769743,214.1199951171875,188.721029867147,439.837568562192,529.8955424418219,85.9753311082552,207.35380525957078,214.9600067138672,189.05505753391142,441.31435950308355,531.4096852385123,86.00275725625374,55549700,3820900,6862500,16413400,37936200,22890200
2024-06-26,211.4185791015625,212.5800018310547,188.42514038085938,445.1639099121094,532.89453125,85.16165924072266,213.01475280094434,213.11000061035156,188.91188841939731,446.5816317625772,533.6076301716555,85.45421645512253,208.83099354238436,212.1199951171875,187.3275981156472,441.25533495755695,530.4719028733521,85.12508871703339,209.68360834691896,212.38999938964844,188.44423225132738,442.05279974277113,531.1166134619692,85.2805082113771,66213200,4690300,7758600,16507000,38550600,38489100
2024-06-27,212.26129150390625,214.99000549316406,190.0857696533203,445.84326171875,533.734619140625,85.49991607666016,213.88720639689362,215.5,190.74430078925033,449.11190006347704,534.3110010096894,85.67362430353913,210.52632069800987,214.4499969482422,187.919301243349,444.7799552473841,532.0153114364416,85.40849326387094,212.84622088780682,214.7100067138672,188.4346797683504,445.1836151073107,532.7577451835803,85.49991607666016,49772700,4977800,7913500,14806300,35041500,23140800
2024-06-28,208.81117248535156,215.00999450683594,193.0348358154297,440.0345458984375,531.6343994140625,83.90914154052734,214.21437951883613,215.80999755859375,193.35933934812502,448.3341049043701,537.5543137581463,85.72848142543972,208.4939285392998,214.82000732421875,190.20985074638892,439.50289267468526,530.3938098387125,83.90914154052734,213.91695291908772,215.63999938964844,190.8874592091773,446.059848949654,534.5064116818106,85.69191787835516,82542700,3955100,15307600,28362300,76144500,55119600
2024-07-01,214.8885498046875,215.57000732421875,196.07933044433594,449.6631774902344,532.728515625,82.46094512939453,215.64201747450758,216.0,197.64452872629258,450.293259356771,533.2560061424955,83.53400875837033,210.10002805599396,214.49000549316406,193.41659000327897,438.76445275458883,529.9737236752046,82.37839800554364,210.26856627972688,215.25,193.5883731323922,441.7180347396165,533.0117876323043,82.92868650779037,60402900,3797900,10205800,17662800,40297800,49735400
2024-07-02,218.37832641601562,215.55999755859375,199.30519104003906,452.1737060546875,536.3135986328125,83.10295867919922,218.48738234159504,216.0800018310547,199.33382156432344,452.478907120072,536.3135986328125,83.28638587281782,213.2527281692765,214.6199951171875,195.43037141669657,446.099159273985,531.0775683576217,82.6168703185409,214.29369867156123,215.3300018310547,195.92664354617938,446.1877931726741,531.126400132376,83.16715889669563,58046200,4921700,7802900,13979800,40434800,34204700
2024-07-03,219.64732360839844,217.99000549316406,199.1715850830078,453.640625,538.7069091796875,84.19438171386719,219.64732360839844,218.74000549316406,200.78450597577336,453.88675682054844,539.068347757372,84.27692186390337,217.1489612238199,217.3300018310547,198.17901165846095,450.79535677806246,535.9618958708759,83.54319898729322,218.11063203893852,217.33999633789062,199.9923607921085,451.1005578319114,536.000949362856,83.61657267441423,37369800,5055300,5560900,9932800,32789900,35563300
2024-07-05,224.3961639404297,220.92999267578125,196.53245544433594,460.3255920410156,541.8134155273438,84.89141082763672,224.5052198536283,221.27999877929688,199.00842649532183,461.1033770377166,542.2139076372644,85.04733166223713,219.7464397478406,219.5800018310547,196.27335292204722,451.8685059547019,538.3747999305978,84.28609540158197,219.7464397478406,219.5800018310547,198.64375880499992,452.498587816865,539.0097918869257,84.6254364595536,60412400,5950600,8093100,16000300,41488400,34895500
2024-07-08,225.8634796142578,218.19000244140625,196.89712524414062,459.0260314941406,542.4385375976562,85.0748291015625,225.89322076278884,220.0399932861328,198.55736401431693,460.46346308739743,543.386076608526,85.15736923620553,221.3327197032473,217.41000366210938,195.74551462114852,457.2735739768986,541.3737188715598,84.57956730180848,225.13973799267995,219.63999938964844,196.7723624234459,459.33123257528905,542.5948111785453,84.87305499825916,59085900,5790800,8707000,12962300,36110500,16095700
2024-07-09,226.716064453125,218.55999755859375,199.2579345703125,452.4297180175781,542.9661254882812,84.69879913330078,227.42988222637766,219.2899932861328,201.30203861673223,460.09916463101644,544.2946598471173,85.00146030562289,224.4259054004998,217.27000427246094,197.16582905485706,450.91353744838284,542.6730752067231,84.25857106201319,225.9725055332989,218.57000732421875,197.33857869799746,459.77428381745585,543.3959524424528,84.80885964977219,48076100,3901500,9058900,17207200,27289700,30289800
2024-07-10,230.97914123535156,219.36000061035156,199.42111206054688,459.0359191894531,548.3388061523438,84.96476745605469,231.07828847688273,220.7100067138672,199.58425558028438,459.24266153927346,548.6806881313778,85.00145429228311,227.28117906796422,219.16000366210938,197.2906255075793,451.76024698147666,543.8940423066767,84.61625300783238,227.3307526887298,220.13999938964844,197.82804290048543,454.0837473649462,544.1870925206553,84.79050673329427,62627700,5556200,8328500,18196100,38701200,23572500
2024-07-11,225.61563110351562,223.25,199.08518981933594,447.6646423339844,543.6107788085938,85.79021453857422,230.39422897123262,224.14999389648438,199.70898927928098,457.58866578342753,549.3255270030801,86.34050315642607,223.83108651749725,221.47999572753906,197.0986640573066,444.5633568384772,542.9758465360856,85.7260143164465,229.40281699319425,222.64999389648438,197.89519852111354,455.81652839633193,548.4560949063842,85.91861498282967,64710600,9322000,10658100,23111200,53054200,49761800
2024-07-12,228.56011962890625,223.11000061035156,196.67642211914062,446.53240966796875,547.0396728515625,86.15707397460938,230.64209091466597,223.6199951171875,199.08520875553353,449.2989293786312,550.6345620898736,86.15707397460938,226.71609267309665,221.86000061035156,193.95093996868792,443.6772860929006,544.2653840243584,85.60677837207247,226.95403700304678,222.02999877929688,195.77432240821722,447.3003398715442,544.7342644743289,85.78103911269577,53046500,5179300,15443400,16324300,53084400,27796500
2024-07-15,232.386962890625,223.8300018310547,201.58038330078125,446.9360656738281,548.5441284179688,85.16654968261719,235.1926606193721,225.58999633789062,203.07747876015205,450.185024234339,551.7775792240066,85.57009792233495,231.0882156126273,223.02000427246094,198.38465354242032,444.44521246679955,546.6880438244344,85.09317600315956,234.44910163171727,223.38999938964844,198.83570341075963,446.28627396172595,549.0325654558818,85.29495012301844,62631300,5719300,10719700,14429400,40584300,37918900
2024-07-16,232.80335998535156,228.2899932861328,205.0064239501953,442.5647277832031,551.797119140625,86.3680191040039,234.24090427881208,228.2899932861328,205.12159527581198,447.27076735934133,552.090169461466,86.40470594592404,230.33473879844306,225.3000030517578,199.68981390311083,439.7489939570935,549.1009369415549,85.65264317981038,232.98180687397965,225.4499969482422,201.5323940342005,447.19201839056086,549.8531491181022,85.78104362788103,43234300,11070700,11557000,17175700,36475300,36383700
2024-07-17,226.9143829345703,227.22999572753906,208.1253662109375,436.6575927734375,544.0602416992188,86.3863525390625,229.47222770464353,229.64999389648438,208.78754638356358,437.9670310742686,547.5476892504238,86.57895318110432,224.6936146131452,226.6699981689453,204.67053414664076,432.38474735385836,543.7378565645935,85.92777758259193,227.4794799069808,228.7899932861328,205.17916232258048,435.74198947896895,545.8772131422685,86.13871814408121,57345900,8620500,11572500,21778000,57119000,29036800
2024-07-18,222.25469970703125,225.77999877929688,201.51319885253906,433.55633544921875,539.8790893554688,85.72601318359375,228.46094752609622,228.32000732421875,207.90465837072435,437.7701116080265,546.5804894498617,86.34050201545297,220.36111458394757,225.57000732421875,200.80304644620205,427.6787055457858,537.700679694463,85.64346604349214,228.30231800055432,227.7100067138672,206.93538878296755,437.46491051123894,545.5938372966342,85.91861384743174,66034600,5485500,12415100,20794800,56270400,34553100
2024-07-19,222.38360595703125,221.72999572753906,201.3212432861328,430.3468017578125,536.2940673828125,85.22158813476562,224.8522270905052,222.67999267578125,203.78762269683403,434.31447643242683,541.2663824595259,85.44170920333603,221.36245288688534,221.41000366210938,200.49591964655664,425.3158806469495,535.2390267295067,85.12987452151137,222.88923571935766,221.52000427246094,202.68398424570762,426.3988669076758,539.644738170822,85.33164866905082,49151500,8666000,8095900,20940400,65509100,32164700
2024-07-22,222.03662109375,221.8000030517578,201.8011016845703,436.0865478515625,541.8232421875,84.97395324707031,225.82380677595344,221.9199981689453,203.6148926358178,437.72086686190295,542.4288993582354,85.77186930962344,221.174082433242,220.39999389648438,201.25409280392114,432.1189038234256,538.277184442637,84.65295213010644,225.06041535891617,221.5800018310547,201.97385135034514,434.95434740544323,540.2113760766848,85.66181578226414,48201800,5334100,7663200,15808800,43346700,36160400
2024-07-23,223.07760620117188,222.5800018310547,201.8490753173828,437.967041015625,540.973388671875,84.85472106933594,224.9910392063895,222.75,202.95269915898984,441.4522765923751,543.8648979607326,85.32246956247042,220.7676144514488,221.86000061035156,200.9085949784075,436.24411798255437,540.4849516029554,84.82720768691033,222.44310313331528,222.33999633789062,202.5112554797567,437.0317279223722,541.7157629327536,85.12069542828301,39960300,4435700,5557300,13107100,34439600,23498000
2024-07-24,216.66314697265625,221.8000030517578,200.17922973632812,422.2638244628906,528.7135620117188,83.93755340576172,222.86939506256107,224.8800048828125,203.48052438660613,434.6491968195245,536.4699449259502,85.15736441776717,215.2652677100796,221.74000549316406,199.68020772158312,420.9740958851319,527.7952979520205,83.89170011043187,222.0762625279836,223.47000122070312,201.1005270559385,433.6351347306288,536.1671163330532,84.91890349123794,61777600,6838800,7119000,26805800,74515300,50757100
2024-07-25,215.6221923828125,218.3300018310547,200.25601196289062,411.92626953125,525.958740234375,84.62544250488281,218.95333716975932,219.25999450683594,201.71472666285024,423.14987619224735,534.7994982405838,85.16656473992838,212.77682977395946,217.52000427246094,199.66101627259542,411.05005574464656,525.0209792890996,84.34112819334219,217.04981289629316,219.02000427246094,200.23681430218042,422.1653487650477,528.8307523766035,84.40532842489331,51391200,9777100,6403800,29943800,61158300,44999100
2024-07-26,216.08811950683594,220.6300048828125,203.6820831298828,418.6899719238281,531.8492431640625,85.2857894897461,217.60497832901444,221.0399932861328,204.56498521561846,422.28352110182095,534.5356464631268,85.43253687073044,214.1548544221733,219.6999969482422,200.20803848586095,410.8137524352177,528.9674531548811,85.02898857032373,216.82175454663218,219.9600067138672,200.8030488593653,411.72938578526725,529.7392217162956,85.2491026445,41601300,6328800,8027800,23583800,53763800,34423800
2024-07-29,216.36575317382812,220.32000732421875,202.34812927246094,420.1274108886719,532.1619262695312,85.74434661865234,217.41664743865044,221.5500030517578,204.99683550482567,425.46353285919287,534.3989464184045,85.92778080650193,213.8971319294418,219.0500030517578,202.06022291940437,418.12882136064246,530.1690650137424,85.4967192116789,215.09674706599597,221.25999450683594,204.07553810374966,424.9023450000168,533.3927971337158,85.90943388906757,36311800,4665100,6533600,15125800,39515800,25801300
2024-07-30,216.92092895507812,222.52000427246094,206.5131072998047,416.3763427734375,529.4657592773438,86.07453918457031,218.43778796730905,222.9199981689453,207.08890530291896,422.4114705197089,534.6822931769603,86.25797341083333,214.2639371695869,220.36000061035156,204.37302950002504,410.90234276735913,526.0662565076813,85.57011080627262,217.3075789949067,221.41000366210938,204.63213201184072,421.1020622928212,533.6272524601584,85.98282557008893,41643800,4939500,8850700,32687600,46853600,28169800
2024-07-31,220.17276000976562,226.5500030517578,204.21951293945312,411.8770751953125,538.072021484375,86.95499420166016,221.89782218872546,226.60000610351562,207.6647539782896,415.25399722383173,540.6998152024645,86.9825075836556,218.7352157578384,223.63999938964844,204.0947500942136,405.83206207673004,534.9167372159726,86.43221895184796,219.53825698895486,223.72999572753906,206.11967157338827,413.99380325758636,536.2843251839307,86.69819330663657,50036300,7316600,9071600,42891400,65663400,47445300
2024-08-01,216.48472595214844,225.77000427246094,199.5746612548828,410.6562194824219,530.4523315429688,87.70496368408203,222.55216258005441,227.57000732421875,205.20796693510616,420.8460843318748,542.0380422456446,88.25709373199976,215.15623749650504,225.0500030517578,198.05836812142135,406.69843005351635,526.955106117804,87.53012905482493,222.44310665442717,226.74000549316406,204.6033650548551,414.27930323794226,539.7912440920945,87.54853011346376,62501000,7217200,10918600,30296400,76428700,77254200
2024-08-02,217.97181701660156,225.33999633789062,191.1102752685547,402.1695556640625,520.5761108398438,90.43798065185547,223.6625266661827,228.75999450683594,196.41729340747878,408.57883813707474,524.5714915916972,90.52080296720983,215.8402875210575,222.8699951171875,188.95099978059565,398.08377329176966,516.3755054864699,89.15889294867576,217.26790792406092,227.9499969482422,195.6591542348571,406.10766494731143,523.3601775288013,89.26011632265042,105568600,11109400,18041700,29437900,82789100,91912900
2024-08-05,207.47280883789062,222.47999572753906,187.04124450683594,389.0359802246094,505.41510009765625,90.9164810180664,211.66647767263768,223.10000610351562,188.26003972022244,394.8348607957488,511.4717311244644,91.96551674345281,194.31676638799527,220.24000549316406,183.2025323392783,379.61404618021845,498.4695101090915,90.08829307154443,197.38022606416695,220.55999755859375,186.2255269573448,383.1485258419234,499.80785259777787,91.73546492612029,119548600,8939000,13927000,40709200,146267400,90686300
2024-08-06,205.4502716064453,220.6999969482422,192.26190185546875,393.427001953125,510.07476806640625,88.88282775878906,208.18657796978488,222.13999938964844,194.4307836748442,399.3932659734361,517.4989864003181,90.55761193573815,199.3431861620261,220.11000061035156,186.17754637997143,392.33419089963513,505.8937188490462,88.88282775878906,203.53685401433648,221.5,187.5210898263343,393.8109820824443,507.2124748611044,90.3183560503704,69660500,14362300,10605800,24946500,84826300,61316900
2024-08-07,208.01805114746094,220.5500030517578,192.3194580078125,392.2652282714844,506.6654357910156,88.25708770751953,211.80523672133984,222.30999755859375,197.45374096940827,403.73496598996115,519.2964689099484,88.7539934837261,204.61750047992084,220.35000610351562,192.12752534383736,391.3200904199489,506.06955696870784,87.87979933523802,205.12311510057037,221.94000244140625,195.3040570597253,402.31727423535324,516.2485672171777,88.29388982228507,63516400,5287800,9204400,20650900,70698300,51337100
2024-08-08,211.47808837890625,224.00999450683594,195.83187866210938,396.4593505859375,518.378173828125,87.71415710449219,212.36044444161047,224.25,196.64761077088747,399.58028569311574,519.0033278281719,87.78777537138522,207.0365669160157,222.52000427246094,193.65340563179683,393.7519001712231,509.7719169059722,87.27245452375831,211.27980900719393,222.72999572753906,194.30599424752398,396.2132187300544,511.79399346845105,87.53011845788394,47161100,6327100,7761200,20203000,63276600,37815800
2024-08-09,214.38291931152344,224.55999755859375,197.5017547607422,399.7377624511719,520.6641845703125,88.57917022705078,214.91827509282652,225.27999877929688,198.14473732678184,401.7363516629641,522.1490524745319,88.83682718720338,210.1495861717322,223.82000732421875,194.71867950080318,396.03596024402367,516.3366389006953,88.42272962642188,210.2784745623819,224.82000732421875,195.26570304351597,397.7785627439822,517.5577316841202,88.80922208727641,42201600,4441000,5540200,19276700,45619600,32141800
2024-08-12,215.9114532470703,228.41000366210938,197.87600708007812,400.51556396484375,520.9376220703125,88.90123748779297,217.8767166928247,228.5399932861328,198.78769824177664,402.4354042920839,523.3406939742863,89.09448019934433,213.99582080224636,225.97000122070312,195.44802293711754,397.98532149531104,518.6712672136742,88.22948299662607,214.46232494953352,226.13999938964844,198.08713740933766,400.7616957993417,521.8558860240913,88.36751551076999,38028100,5561300,6936000,16762900,42542100,24261400
2024-08-13,219.6236572265625,228.05999755859375,199.5554656982422,407.6041564941406,529.5048828125,89.51776885986328,220.2390393048837,228.8699951171875,199.69941155528463,408.52961455842444,529.7393827100993,89.59138713197045,217.380462936734,227.58999633789062,197.11787513313567,403.2328528848732,523.8781373672056,89.24171087039866,217.380462936734,228.07000732421875,199.35392685485715,403.25253261450456,524.1223559231595,89.5361769382025,44155300,6740200,6387800,19414300,52333100,30366900
2024-08-14,220.07028198242188,226.1999969482422,201.76271057128906,410.4101257324219,531.17529296875,90.07909393310547,221.37053243582614,227.47999572753906,202.26173259433187,411.25683501944593,532.3573320967027,90.32755384088968,218.06530765715263,225.35000610351562,198.76850521541047,406.06838582856113,527.6292352085552,89.72941767916345,218.9288446755302,226.5500030517578,199.36351554061437,408.3820014539116,530.2960824274743,89.76622681441387,41960600,5462500,6999800,18267000,42446900,31334100
2024-08-15,223.0479736328125,226.91000366210938,203.01988220214844,415.2626953125,540.27978515625,89.35211944580078,223.67329096872731,227.5,205.26552518971098,415.34158622213624,540.5630571909627,89.35211944580078,221.10255033510867,225.1199951171875,202.5880300343132,411.9388626649199,536.1866801444643,88.53313558359453,222.9288713384501,226.50999450683594,204.41141236229493,414.0495331175792,536.7923373384469,88.71718123953205,46414000,5273300,7001000,20752100,60846800,38723700
2024-08-16,224.36807250976562,231.99000549316406,205.34231567382812,412.73779296875,541.4910888671875,89.6650161743164,225.14226768918678,232.02000427246094,205.45747235510242,415.56847485047064,542.1846909540823,89.75703551519098,221.98592068094572,229.00999450683594,203.05827720505397,411.58380640221424,538.5116347380534,89.26932668999262,222.25391598005478,229.99000549316406,203.15425086846594,414.8386210132459,538.6679083622046,89.6650161743164,44340200,11924500,7931200,22775600,44430700,28541000
2024-08-19,224.2092742919922,231.61000061035156,206.7626190185547,415.7558288574219,546.66845703125,90.07909393310547,224.30853630427512,231.77999877929688,206.83939501460688,415.97281647426513,546.66845703125,90.32755384088968,221.38047353975193,229.74000549316406,205.1983538600032,410.7552711189502,541.0514314058853,89.63739835134972,224.04054098731652,230.14999389648438,205.37108886847773,413.22102581055816,541.9013070349608,89.64659536969381,40687800,5164800,6090800,15234000,39121800,25322100
2024-08-20,224.8246612548828,232.4600067138672,205.87013244628906,418.98101806640625,545.779541015625,90.79685974121094,225.4797542015927,234.00999450683594,207.290451812223,420.0264956299884,547.8700657821756,90.97170138855051,223.7725505409132,231.1300048828125,205.0639917823852,415.864330676567,544.4412283435015,90.29074989881364,224.09017687092657,233.7100067138672,206.33077379457382,415.9235063802004,546.2191462607274,90.47478856502627,30299000,9073600,5640000,16387600,33732300,25239300
2024-08-21,224.7154541015625,232.14999389648438,205.9468994140625,418.330078125,547.6551513671875,90.85208129882812,226.2836998547364,232.8699951171875,206.33076474687974,420.5590998224222,549.1106842316043,91.2845728871564,223.37550792716294,230.47999572753906,204.25785680520957,415.9432144212139,541.9013486274712,90.37356951081003,224.83457153469638,231.69000244140625,205.7837412719152,418.27087232284174,546.8248322343893,90.79686407982577,34765500,5337400,5202300,16067300,41514600,29230000
2024-08-22,222.859375,229.3699951171875,207.89508056640625,409.85772705078125,543.3568725585938,89.95026397705078,226.64102413052154,230.3800048828125,208.05822409330662,420.94378045645306,550.1559376249218,90.45638080256279,222.2340576918725,228.25999450683594,205.6974094210733,408.9306008917766,542.1455582382872,89.65579792055959,226.09511339685906,230.35000610351562,205.92773744679954,418.5470440541718,549.5502804647684,90.39196657209986,43695300,5765400,5247100,19361900,56121500,33453800
2024-08-23,225.15219116210938,232.02000427246094,209.50730895996094,411.080810546875,549.1302490234375,90.5392074584961,226.52192810531062,232.72999572753906,210.3518303146011,413.51697764071497,550.0680696349215,90.79686441270024,222.66087229355688,230.52000427246094,207.770294063869,406.4451792024677,544.4021520897437,90.14351798721816,223.98097823318813,231.0399932861328,208.82594575716917,411.26821033098173,546.5904001832064,90.35516878281469,38677300,5418200,7214000,18493800,50639400,32005100
2024-08-26,225.4896697998047,232.75999450683594,210.33262634277344,407.8259582519531,547.8211669921875,90.30915069580078,225.58893181224732,233.5,210.82205685305937,411.5640508373135,550.8690092024209,90.82446457620476,222.22415556593285,232.05999755859375,209.25779166440867,405.7054152115458,546.1214157161334,90.2539405002218,225.07279660900764,233.4499969482422,210.17907434771442,410.6665125068156,550.1559102385648,90.81526755735831,30602200,3151400,5105200,13152800,35788600,23198700
2024-08-27,226.33334350585938,233.38999938964844,211.30189514160156,408.17120361328125,548.573486328125,90.15272521972656,227.14724957253156,233.47000122070312,211.53222313341251,408.68406980179446,549.0619234396653,90.25394860112355,223.21670725505913,231.57000732421875,210.3518232928703,404.6303831532702,545.4084233851316,89.63741129306969,224.31844891527626,231.69000244140625,210.65891263842738,407.2046168469379,546.551349531508,89.71102255357374,35934600,4435600,5185200,13492900,32693900,21507700
2024-08-28,224.8048095703125,231.75,212.36715698242188,404.9755859375,545.3887329101562,90.04228210449219,228.149730282918,232.02000427246094,213.25007370690733,409.3153084895278,548.661296528156,90.36435325251871,224.00082364270057,230.72999572753906,210.35184179007584,401.7306441001557,542.2041141850556,89.93186172266851,226.22416240429726,232.0,210.40942013221067,409.1969570716752,548.2314695905903,90.18951864108972,38052200,4961500,6506400,14882700,41066000,18501400
2024-08-29,228.0802459716797,232.9499969482422,213.2500762939453,407.4610900878906,545.4375,89.74783325195312,231.18696212304621,233.61000061035156,213.98901788500726,416.26875999773983,550.6442544077365,89.84905663510712,227.1770283167567,231.9199981689453,210.11192481779804,404.97561980648004,544.2945742697917,89.37974886054096,228.3879521456165,231.9499969482422,213.19248330758634,409.2561670075729,547.3521942445709,89.60060370776375,51906300,5524200,6416100,17045200,38715200,24988200
2024-08-30,227.29611206054688,231.2899932861328,215.73562622070312,411.4259948730469,550.6444702148438,88.79081726074219,228.68568922028223,232.86000061035156,216.38820025870874,411.7711764633265,551.1524639045385,90.17112847267893,225.78741746908054,230.5500030517578,212.981340289583,406.4846126518204,544.2557340828612,88.77241620032508,228.4772602189495,232.52999877929688,213.5283638010213,409.90708149754283,547.8017923810901,89.88586640214561,52990800,5743000,8574100,24308300,62700100,42896200
2024-09-03,221.1124725341797,230.2899932861328,211.41708374023438,403.8314514160156,539.3126220703125,90.24300384521484,227.29611365629745,230.5399932861328,215.0638633692745,414.1284456363182,547.8407131286382,90.52919423776915,219.52437135882835,228.52000427246094,210.39982731942075,401.45446023053216,536.8020487007664,89.93834546660823,226.84946493362216,230.3800048828125,213.33643989830546,412.18542969380115,547.508549729637,90.06759319508262,50190600,6417900,8956100,20313600,60600100,48947900
2024-09-04,219.206787109375,230.42999267578125,210.48617553710938,403.298828125,538.2088012695312,91.40624237060547,220.12986023982222,231.05999755859375,213.11569850429112,405.60677088600426,541.6083040829072,91.42470331357376,215.86185105944423,229.3800048828125,208.4516628819831,398.8308818633999,536.7532683896355,90.29839561873514,220.01075793789536,229.7899932861328,212.12721670145393,400.3497951691964,537.4761456891545,90.36301948433376,43840200,4696000,7389500,15135800,47224900,40885200
2024-09-05,220.7253875732422,232.35000610351562,208.85476684570312,402.79583740234375,536.8997802734375,91.92322540283203,223.80231295165626,232.88999938964844,211.8969449168422,407.44131080829675,540.9928852935313,92.02477818912095,219.87178579311316,231.3300018310547,207.3192759014218,400.56678553175374,534.4478166491117,91.19389495742641,219.9809679444758,232.72000122070312,211.27314531418486,402.0363656944642,538.1502077884983,91.71088583782635,36615400,4838100,8067900,14195500,44264300,47450900
2024-09-06,219.177001953125,230.6300048828125,203.89320373535156,396.19744873046875,527.8635864257812,91.91399383544922,223.56411324365834,232.75999450683594,209.91998068208017,405.0248318616353,538.8436399407501,93.04030146329899,218.13481142105056,229.6199951171875,202.57843485706223,395.30975302270036,526.964879098129,91.57241358480384,222.2837029728863,231.8300018310547,208.82594829731795,403.45661559720963,537.2220554393132,91.90476688625041,48423000,6315800,7777000,19609500,68493800,57406400
2024-09-09,219.2663116455078,231.60000610351562,208.06781005859375,400.1624450683594,533.7737426757812,92.31098937988281,219.62363365317324,231.6199951171875,209.35377522003003,403.0523026786457,535.0437266855093,92.41254218907257,215.0975649862482,230.38999938964844,205.54385192671694,396.64133973593033,530.1300214174476,91.54473687891564,219.17698492990527,231.25999450683594,206.51313619606708,401.6616132591262,532.054494369654,91.76630344284145,67180000,3548800,8935100,15295100,40445800,26961400
2024-09-10,218.4722900390625,232.6199951171875,197.27142333984375,408.5262451171875,536.0986938476562,92.95722198486328,219.83209181891954,232.74000549316406,209.82401435534237,410.62704280907684,536.4504138231891,93.16032757443502,215.11743380788891,231.1199951171875,192.52101978319223,402.1152829853601,530.8138314182086,92.15403361977681,217.29114171411052,232.38999938964844,209.78563367537953,402.6084339185776,535.6786451567546,92.20019654230605,51591000,4378300,28406900,19594300,36394600,31703400
2024-09-11,221.0032958984375,232.25,198.8740692138672,417.2452087402344,541.5985107421875,92.88336944580078,221.43008920211523,232.8699951171875,199.3251190484655,418.1821775855184,542.5167747623394,93.46498426822471,216.26878297144034,231.08999633789062,193.6918138354718,403.9695620775317,527.4729497044474,92.64333491315307,219.81222755985956,231.72000122070312,196.97391086092546,409.80848319257257,536.0108196239122,92.77258265146949,44587100,4637300,13658700,19266900,75248600,39497100
2024-09-12,221.1124725341797,236.3300018310547,198.2694854736328,421.15093994140625,546.1605224609375,92.44944763183594,221.88666769221828,236.4499969482422,200.36157653556083,421.51586685329676,546.4633510224045,92.8279638323559,218.18442519080247,234.4199981689453,196.6284296106188,414.00025068010603,539.9573366553728,92.0340095496054,220.8444772424724,234.6300048828125,199.27713568329062,417.51148327493246,542.1748597619055,92.65255319860545,37455600,9930200,9054400,17395700,51819600,41618700
2024-09-13,220.844482421875,238.67999267578125,196.0814208984375,424.69171142578125,549.0130004882812,92.69872283935547,222.37301734416337,238.97999572753906,199.46908315177689,425.914716092092,550.0094311099382,92.88336043518912,220.25887596851652,237.75999450683594,194.83383653849526,419.63197810212404,546.5122052774053,92.3386675535761,221.91644846858938,238.1300048828125,198.51899663631963,419.9969049719398,546.7662020730168,92.74487871657749,36766600,7455100,10226700,15874600,39310500,25722100
2024-09-16,214.71047973632812,238.66000366210938,199.4786834716797,425.43145751953125,549.8237915039062,93.5480728149414,215.60377723416104,239.27999877929688,199.81457665233654,427.5914610863902,550.0875069413107,93.58500174507856,212.32832783334672,238.0500030517578,197.30021016072058,422.3542004104568,546.9517795427174,92.69872855220665,214.92882889414335,238.72999572753906,197.5305381683303,424.70160374609685,548.7491943236346,92.90182710275113,59357400,4713500,8634900,13834700,36656100,30866300
2024-09-17,215.17697143554688,237.33999633789062,200.81263732910156,429.18927001953125,550.0484619140625,93.095703125,215.28615358843467,238.60000610351562,201.46521139164926,435.79750485485505,553.477299266029,93.83426767587508,212.904016801209,236.61000061035156,199.28675270326914,426.3487157034463,547.8211605278194,93.00338431700901,214.14471619981742,238.0800018310547,199.35392255393126,434.1997005769437,552.0314851715059,93.67732499794303,45519300,5257100,7573300,18874200,49321000,31699400
2024-09-18,219.04794311523438,235.50999450683594,199.1619873046875,424.90875244140625,548.4171752929688,91.94169616699219,221.05291740528648,240.2899932861328,202.81835838288768,430.05724996700025,555.5385664291312,92.99415306856162,215.92137182236397,235.3000030517578,198.36545275492742,424.5142376703877,547.8603498689396,91.89554028686675,215.931307109631,238.19000244140625,200.58230673818105,429.04136013434226,550.7030274298603,92.54177895640888,59894900,11081100,8259900,18898000,59044900,48897000
2024-09-19,227.16708374023438,239.1699981689453,201.99302673339844,432.6807861328125,557.7754516601562,91.63704681396484,228.11002736409566,239.52000427246094,203.3653739246752,435.452292084435,559.6315359572782,91.68320269509509,222.95864123060412,237.38999938964844,198.9796383186764,430.91529729082623,554.9425530668651,91.18467269196404,223.31596324984213,238.24000549316406,201.32125504416572,435.1860014052933,557.804786497104,91.32315442230156,66781300,6108200,11635200,21706600,75315500,39979800
2024-09-20,226.5020751953125,242.2100067138672,202.5784454345703,429.3076477050781,556.8113403320312,91.2862319946289,231.3556905514529,242.6300048828125,202.8951409629487,433.22326773049826,557.8500005367814,91.627819348,225.92638886705737,240.47000122070312,201.05256077890448,428.2720426762547,553.7933228326182,91.13852330362646,228.2589097535001,241.11000061035156,201.46521533060852,431.2309485866615,556.4096197933483,91.38778480121292,318679900,7737400,20885000,55167100,77503100,37067600
2024-09-23,224.78494262695312,242.67999267578125,202.91433715820312,427.5717468261719,558.2026977539062,91.09235382080078,227.742765583781,243.4600067138672,203.25982185543435,430.48131937501944,558.8494456443765,91.48009703068863,224.12984974700805,242.58999633789062,201.52280686007273,424.4944897103184,556.6642942041962,90.49227101875147,225.64846451262724,242.97000122070312,202.49207645675105,428.3311884542686,557.8793836152081,90.93541114681857,54146000,5426200,7223500,15128900,44116900,35703900
2024-09-24,225.67823791503906,246.07000732421875,203.05828857421875,423.29119873046875,559.7999267578125,91.07389831542969,227.64351653597865,246.19000244140625,204.36345139466172,427.4139334394583,559.8587165873663,91.29546487095713,224.05044101841318,243.14999389648438,201.88748010395994,420.2632446802758,556.1743944512203,90.33533373903978,226.94871280288095,243.38999938964844,202.63602786120398,427.0687217553129,558.9964258828836,90.4738154775471,43556100,8386300,7323200,17015800,46805700,31005400
2024-09-25,224.68568420410156,245.72999572753906,201.71473693847656,426.19091796875,558.5653076171875,90.3168716430664,225.59883710649478,246.47000122070312,203.68207992104146,427.1870925626301,560.378103761662,90.76923874251587,222.35317851779175,244.7899932861328,200.19844382266885,422.69943076362244,557.4580492681129,90.27994271037021,223.2563961324406,246.19000244140625,203.1446478984502,423.94215074360574,559.6432009533316,90.71384886520842,42308700,7393400,8976500,13396400,38428600,36738200
2024-09-26,225.8271484375,246.97999572753906,201.3212432861328,425.4018859863281,560.7798461914062,90.52919006347656,226.79985253593196,247.3699951171875,203.16382323049552,429.3372210826113,563.1413674659622,90.70460070552062,223.73284722402752,245.19000244140625,200.58228714937277,423.251754987828,558.428192996937,89.93834131955964,225.608784129346,246.44000244140625,202.61681440246963,429.1301061037402,562.8179934718497,90.53842405607695,36636700,7041100,7807500,14492000,48336000,33332300
2024-09-27,226.09510803222656,245.02000427246094,202.01223754882812,422.1568908691406,559.966552734375,91.00003814697266,227.81224676693589,246.75,203.87401538274102,425.9344436660322,562.6611965458859,91.17544881420932,225.60876359989413,244.19000244140625,200.88941594295318,421.6144369121871,558.9377006949258,90.66768480035248,226.76013618443497,246.30999755859375,202.1561834046356,425.60894721222604,561.8479471107624,90.97234320866659,34026000,8329600,7032500,14896100,42100900,28317600
2024-09-30,231.266357421875,243.05999755859375,202.3577117919922,424.4057312011719,562.2103881835938,90.56611633300781,231.266357421875,244.0800018310547,202.45368545325593,424.5241127227398,562.8179029799776,91.12927012607214,227.9412771261621,242.5,196.98350891876606,419.54326964937644,556.6447321030395,90.3630107625948,228.3283747151782,243.97000122070312,197.99117378793656,422.34436366886086,558.937595094156,91.06464626671094,54541900,6916700,8663800,16807300,63557400,34175500
2024-10-01,224.5269012451172,245.61000061035156,198.69174194335938,414.9273376464844,557.1739501953125,91.22000885009766,227.94129335648356,246.97999572753906,200.6590849232253,422.6106376703255,562.5044480240527,91.99800835250252,222.0752779583648,245.05999755859375,197.87602436679808,413.07308530803846,554.6066943100618,91.12739171239663,227.81227091446172,245.1999969482422,200.47674374625123,422.5810498180969,561.857759819067,91.5071311630759,63285000,10605500,8540100,19092900,72668800,45254200
2024-10-02,225.0926513671875,245.66000366210938,198.931640625,411.4161376953125,557.4090576171875,90.45127868652344,225.67825786117984,246.07000732421875,200.5247095749859,417.0281982052677,558.4281611024765,90.51611138841872,221.36063294746157,243.99000549316406,197.39616465396708,411.00187763203274,553.8913563966638,89.89556173743875,224.2092739820147,245.61000061035156,198.73011645099774,416.7914652693021,556.282242548741,90.1734202119811,32880600,6798800,5810900,16582300,38097800,35810800
2024-10-03,223.9908905029297,245.49000549316406,196.9547119140625,410.8341979980469,556.3900756835938,89.59919738769531,225.12240767637772,245.91000366210938,198.16391556637382,413.8029462214933,558.3302001396713,90.31236429198604,221.65838486968212,243.69000244140625,196.10059907948147,408.61501874387466,554.106960667849,89.59919738769531,223.46483520314058,244.72000122070312,197.85681157736644,411.90926344701154,555.9393137222664,90.15490736187576,34044200,5674500,7251300,13686400,40846500,39677800
2024-10-04,225.1124725341797,245.0,203.94537353515625,410.36077880859375,561.4461669921875,88.4970474243164,226.3035407723517,246.69000244140625,204.37987213930614,414.00023534021534,561.8185225581165,88.876779891005,222.46234078203926,244.0500030517578,199.78381659479555,409.28571331626097,556.6643942780399,88.35811815455767,226.20427877531475,245.0,202.09150201972523,412.5109097932594,560.828843806913,88.39516643090909,37245100,5947800,10211700,19169700,42939100,56954100
2024-10-07,220.04051208496094,244.1699981689453,203.66534423828125,403.9301452636719,556.370361328125,87.83016967773438,224.01074997862722,244.82000732421875,205.98269458084312,411.39642881924686,560.446655391967,88.2376864788535,219.68319006872073,243.80999755859375,202.46806055788844,403.39753373502316,555.2239297880301,87.76533697758582,222.8296017820206,244.5800018310547,203.76190602752735,410.30164800432675,559.7999074826037,87.96909891126255,39505400,3849000,6718900,20919800,49964700,42606600
2024-10-08,224.09014892578125,242.3699951171875,203.49154663085938,409.0292663574219,561.63232421875,87.97836303710938,224.29857792676054,244.0399932861328,204.05157258412177,409.966265233936,562.2300906410503,88.01541130689803,221.58889489724396,240.6300048828125,201.20317665741186,402.57887338489604,558.0656412646009,87.37634101895476,222.63108533790577,243.7899932861328,203.32740337902976,405.27145839926953,558.9376805045769,87.42265312274932,31855700,7669800,6021800,19229300,37398700,33709600
2024-10-09,227.8321075439453,241.0500030517578,206.069580078125,411.7415771484375,565.5223999023438,87.47822570800781,228.04055170887608,241.83999633789062,206.8613454534999,414.6215919010832,566.0809331902332,87.90427729554703,223.1571606453159,240.63999938964844,202.1687285781039,408.62485957486433,561.0247685875196,87.27447081487263,223.554178398676,241.16000366210938,202.47769976692018,410.16348810998284,561.6224751598685,87.68198766737825,33591100,4120500,7024000,14974300,37912200,35807700
2024-10-10,227.3358154296875,242.82000732421875,205.50958251953125,410.1437683105469,564.53271484375,87.13554382324219,227.7923994519787,243.02000427246094,207.41173500682478,411.63309377445904,565.9535388259317,87.14480059164615,225.47973405841245,241.50999450683594,204.1867713494914,407.49061385739407,562.9257131010544,86.51500116087634,226.0851959438118,241.77000427246094,207.41173500682478,409.5421386142519,564.1799758679994,86.95030246163158,28183500,4792700,7927100,13848400,44138100,53667400
2024-10-11,225.85690307617188,245.47000122070312,214.6340789794922,410.6172180175781,567.9132690429688,86.78357696533203,227.7030642360917,245.9199981689453,216.89349797730637,411.41612015597997,568.6481717987969,87.12626813802356,225.64845893034402,244.47000122070312,207.74965411869448,407.589263932771,564.3171018304082,86.52424616058578,227.59388209213523,244.5,208.2420838481715,410.4396908978323,564.4542980317323,86.57982209462745,31759200,5789500,18320700,14144900,42268000,27406400
2024-10-14,229.5790252685547,245.07000732421875,213.85202026367188,413.3985900878906,572.5578002929688,86.8484115600586,230.00581860221664,245.86000061035156,215.99556259342347,418.2314633461143,573.4886890058166,86.85767539363992,226.89911753216435,244.25999450683594,211.34157550325287,411.80075573680847,569.0400397275337,86.11673123052945,226.99836439928595,245.16000366210938,215.51278305488955,412.0473312101826,569.5201665882303,86.17230009954822,39882100,3922900,9048900,16653100,36217200,28795300
2024-10-15,232.1100311279297,245.9199981689453,214.73065185546875,413.0040588378906,568.1092529296875,87.9042739868164,235.72294688412148,246.5500030517578,217.68525985149523,416.69284850861214,573.1261842726946,87.98762729456584,230.64103225198252,244.52999877929688,214.18029092153253,409.57174739931537,566.8941634738084,87.40413294161489,231.87181141001133,244.99000549316406,215.95691583331498,416.3969398711013,572.8224268603595,87.48748624936432,64751400,5640800,9235800,18900200,54203600,46429100
2024-10-16,230.055419921875,247.14999389648438,215.9376220703125,410.4199523925781,570.57861328125,88.27474212646484,230.39288648800354,248.08999633789062,215.97623794909032,410.65665522282575,571.0979733835155,88.5618644507594,228.1298522341637,246.36000061035156,213.42716268516796,404.85722518493617,567.3058791131047,88.11729227954407,229.87676649695567,247.6199951171875,214.67274209136121,409.4829836231505,568.1093801464922,88.34883866603988,34082200,5431900,6382500,15508900,30725400,32281500
2024-10-17,230.4226837158203,248.6300048828125,216.6907501220703,411.0117492675781,570.62744140625,86.87619018554688,232.11004699556463,249.05999755859375,218.0715071604394,416.7125733271007,574.3215715502484,87.46894825468097,228.8048220166126,247.6199951171875,215.6189790372494,409.89722324961605,570.4412636582532,86.75578156553824,231.69315867439417,247.75,216.54592216463283,416.57447660649984,574.1157772582931,87.33001903648908,32993800,5176200,6470200,14820000,34393700,43427200
2024-10-18,233.25148010253906,251.27000427246094,217.60801696777344,412.4320373535156,572.822509765625,86.9410400390625,234.4226930307779,251.3699951171875,218.13907733966104,413.90161766396704,573.6063941876963,87.32077243975657,232.26884075534687,249.89999389648438,215.4162087479307,410.5580696214905,570.852960533333,86.93177620502559,234.4226930307779,250.0,217.2507648690765,411.4260201751563,572.3129579783322,87.1077537205522,46431500,7833600,7000500,17145300,37416800,25258600
2024-10-21,234.720458984375,251.22000122070312,215.31964111328125,413.04351806640625,571.8817138671875,85.42208099365234,235.08771628667242,253.13999938964844,217.92664727427885,413.22104518863654,573.0771269383695,86.2185939221945,232.7055644739604,250.72999572753906,215.22307932710135,408.08242059822123,568.9126781204517,85.42208099365234,232.7055644739604,252.74000549316406,217.46318311378727,410.4199513395574,572.0972566282711,86.15376122802594,36254500,9258600,5870000,14206100,36439000,49504700
2024-10-22,234.10508728027344,253.92999267578125,216.4010772705078,421.6539306640625,571.5779418945312,85.50545501708984,234.4624093106695,253.94000244140625,217.52112924082374,424.68185459098345,572.7341816541917,85.91297894565828,230.86934872103873,252.52000427246094,213.48509971320877,412.31365056093216,568.6971208640092,85.29242921818305,232.14974382855843,253.05999755859375,215.33897121583806,412.75746835174544,569.3536172092114,85.81109796351618,38846600,5756300,9586800,25482200,34183800,32096900
2024-10-23,229.04302978515625,250.8699951171875,215.71556091308594,418.7838134765625,566.3552856445312,85.27388763427734,233.39044533687328,253.17999267578125,217.05768746557618,425.17503084101816,570.0004346494243,85.55174607470671,226.0653512199268,250.1999969482422,214.86586419498707,416.74216121867397,562.8571411229607,84.89415530300647,232.33833466706656,253.0800018310547,215.9569506867947,424.9580432083023,569.5594810059998,85.06086188778367,52287000,8081000,6180500,19654400,49314600,33354200
2024-10-24,228.85446166992188,252.8000030517578,217.23146057128906,418.9120178222656,567.580078125,85.82035827636719,229.10260155629064,253.32000732421875,217.3087070595921,420.144895200207,568.3835789691921,86.13525797825828,226.710529416834,251.39999389648438,214.02581233964898,416.6139175340375,564.9638411001258,85.17202413786504,228.26884002769643,253.27000427246094,214.18995560232,419.5037748840412,568.3051725972728,85.42209819876454,31109500,5962200,6002200,13581600,34979900,32507400
2024-10-25,229.68820190429688,253.32000732421875,214.65342712402344,422.2851257324219,567.3840942382812,85.3387451171875,231.484732210271,253.5500030517578,217.84942517866347,426.5952599466425,572.6950344865168,86.17231361437472,227.86189602437614,251.77000427246094,213.27268477329852,420.7267820728724,566.443456997856,85.22760029548397,228.03062932515897,252.0,217.25078329046238,420.91418182997273,569.8044050522926,86.1260015054393,38802300,4424500,6369700,16899100,47268200,28667100
2024-10-28,231.6633758544922,253.3300018310547,217.7335662841797,420.7465515136719,569.1381225585938,85.10719299316406,232.98348177622344,253.6300048828125,217.86874396216535,426.02327304477956,570.9802836348513,85.47766864107632,230.81970938626554,252.9499969482422,215.2713877542694,420.46051551603273,568.8343651367928,84.67188463683482,231.5839844241638,253.00999450683594,215.65762021512975,425.74710969864265,570.8528957024953,85.45914097225132,36087100,4029100,6843000,14882400,30174700,33156500
2024-10-29,231.93138122558594,256.0899963378906,215.22308349609375,426.03314208984375,570.0592651367188,85.23686981201172,232.5864741436605,256.2900085449219,218.9404913371286,427.2364316805858,571.1762720247682,85.26465425273065,230.59143496071306,254.22999572753906,215.1361867268046,419.9673609785876,566.7864714367279,84.26437905566803,231.36563017470797,254.49000549316406,217.45353704067085,422.1372373224,568.1778707648036,84.44034953563335,35417200,8875500,6580000,17644100,42899700,46545200
2024-10-30,228.387939453125,257.5,216.6811065673828,426.605224609375,568.3345947265625,85.48695373535156,231.7328600109945,257.7099914550781,218.5156628404685,432.49344905360795,571.5779630983764,86.4038757156326,227.8420287171323,255.91000366210938,213.94857273050474,426.1811219516409,567.6290569957021,85.35728828627089,230.87925826342104,256.760009765625,214.87550115342282,431.44797128826104,569.588797638648,85.98708785824158,47070900,6386200,7110900,29749100,41435800,41951100
2024-10-31,224.22911071777344,253.50999450683594,214.27684020996094,400.7837829589844,557.193603515625,85.62584686279297,228.11994197442104,255.60000610351562,217.91700157327347,410.4594021869807,564.0428890862833,86.07968284661764,223.693120129287,252.1999969482422,214.18029315501,400.7344498042727,556.9976174444517,85.0886646417869,227.63358238786932,255.52000427246094,216.96109290971893,409.6703426075015,563.974290971045,85.3943004872135,64370100,9930800,7829900,53971000,60182500,52173800
2024-11-01,221.25143432617188,252.47000122070312,215.26173400878906,404.7487487792969,559.545166015625,84.41867065429688,223.67328184782377,254.86000061035156,218.3611702661073,409.80848287841667,563.9643910438907,85.97991457965132,218.6310779402587,252.44000244140625,215.02999453599656,401.9180668422498,559.1336371976272,84.3815044259114,219.32586653780092,254.3300018310547,215.86037589692594,403.4073925009318,559.8195584319851,85.73829864471811,65276700,6473000,6923500,24230400,45667500,80402000
2024-11-04,220.3581085205078,252.8300018310547,212.21055603027344,402.8648986816406,558.3399047851562,85.72900390625,221.13230364643434,253.5800018310547,216.05347672838175,404.7980722358363,560.9757583388703,86.026383365194,218.07523400035532,252.27000427246094,211.62156445041862,400.01450160866744,556.4585705161212,85.15282810263356,219.34570882983752,253.32000732421875,214.9817056480971,404.18653972407174,559.6823223393656,85.75688212270013,44944500,4581400,8229600,19672300,38217000,49747600
2024-11-05,221.7874298095703,253.39999389648438,213.86166381835938,405.8237609863281,565.0912475585938,86.18436431884766,222.28370958768312,253.99000549316406,214.3154777176928,409.2166418436789,565.1304208425688,86.33305759278801,219.49461965793014,252.41000366210938,212.42297563395553,402.4900558335031,559.0356559214524,85.12494955732211,220.14971259990074,253.77999877929688,212.45194122469928,402.7760918050739,559.251198693126,85.52455386842986,28111300,6029900,5600700,17626000,39478300,46986000
2024-11-06,221.06283569335938,245.6999969482422,238.55099487304688,414.4243469238281,579.142578125,83.82392883300781,224.38791581537038,247.35000610351562,239.45862265494782,414.69066771455005,580.0146771322202,84.30717498159291,219.54422098922427,244.9499969482422,226.68428170878914,404.8966664565658,573.6063462638446,83.21988178240692,220.95365355112233,245.63999938964844,226.90635614480942,406.77066424480597,577.3396500855225,83.303516448458,54561100,14600200,23987800,26681800,68182000,98895700
2024-11-07,225.7874298095703,249.64999389648438,228.2388458251953,419.6024169921875,583.6205444335938,84.87403869628906,226.18446269494834,250.24000549316406,236.1467765550335,421.0029789570154,584.6396478381987,85.14353993830106,222.89909318788202,248.1199951171875,227.11879382619438,414.12845339700306,581.0630972629532,84.24210646090228,222.95864433437472,248.2899932861328,236.07918035167899,415.5092700597973,581.1415036340469,84.33503621226508,42137700,8821400,16451100,19901800,47233200,56221400
2024-11-08,225.51914978027344,247.9600067138672,228.81817626953125,416.7519836425781,586.148681640625,85.95203399658203,227.20835428792034,249.35000610351562,231.09689618425554,420.65773046119216,587.5695056932594,86.0542588470411,224.9726384261151,247.77999877929688,227.65950837276299,416.0023846199846,584.1693242787533,85.34797999571089,225.72780810336752,249.07000732421875,231.09689618425554,419.49390152577604,584.1693242787533,85.49667326550055,38328800,6267900,9502100,16891400,46444900,56756200
2024-11-11,222.8064727783203,242.13999938964844,231.04859924316406,412.2840881347656,586.7072143554688,85.53388214111328,224.26714170400084,242.72999572753906,233.76183232238978,418.99092936118404,588.0888053142032,85.77550525992642,220.0938084143074,241.05999755859375,230.7685936247478,410.301611581567,584.9826328704219,85.14357278078393,223.57158868270503,242.72999572753906,231.734152593889,416.7322894657105,587.7360663213191,85.72903682127794,42005600,11653800,9017100,24503300,37586800,22369200
2024-11-12,222.8064727783203,240.0500030517578,231.30929565429688,417.23529052734375,584.8845825195312,84.25140380859375,224.15783943194586,241.66000366210938,233.1438664671285,418.6259798148705,587.2264269895784,85.35727993243107,221.9420008205612,239.38999938964844,230.53684556117094,411.485163708279,582.4054820528869,84.11200563279144,223.12444853772337,241.2899932861328,232.265204302032,412.5207686609151,586.6287204841349,84.91121427796656,40398300,10145500,6861000,19401200,43006100,57908400
2024-11-13,223.69081115722656,237.6300048828125,232.85421752929688,419.3756103515625,585.1687622070312,83.45220947265625,225.21109667354565,241.47000122070312,235.68329839480197,423.44901221052845,587.1676761411395,85.06921015500117,221.3457931121334,237.58999633789062,232.0334864664189,412.481339102593,582.9836705187753,83.3778628208023,222.5878574334345,241.30999755859375,232.29419152794952,415.8643777407356,585.3451316888757,85.05061994699422,48566200,8431700,11472600,21502200,47388600,49009100
2024-11-14,226.77114868164062,237.00999450683594,233.53976440429688,421.04241943359375,581.4060668945312,83.93544006347656,227.41701609796436,237.99000549316406,235.87641555426896,422.304884622317,585.7763103260314,84.59525057943357,223.57158960851197,236.1300048828125,232.74801363884512,414.24678510633004,580.7202054727688,83.8889716382331,223.59146688403666,236.57000732421875,234.07082483230462,419.17829445283394,585.296183408181,84.15847290645546,44923900,8262400,10172200,30246900,38904100,53328300
2024-11-15,223.5715789794922,236.58999633789062,236.86126708984375,409.3153076171875,573.9590454101562,83.71240234375,225.4793879673537,237.8800048828125,237.93303812916133,417.0084507566798,578.3194803370213,84.24210974627016,222.84621765747355,236.3300018310547,233.1438739185833,407.9739514183208,572.1070761341368,83.18269494122984,224.96268496170848,237.57000732421875,233.1438739185833,414.06929022111444,577.8491019104924,83.56370906370218,47923700,7299500,11518800,28247600,75988800,73722400
2024-11-18,226.57241821289062,241.08999633789062,236.59091186523438,410.06488037109375,576.3108520507812,83.86107635498047,228.28149999782985,241.5,239.3910269686542,412.66870168958155,577.6238450144261,84.18633399524222,223.74050538640262,240.4499969482422,234.32184240561926,406.45501186857297,573.5574183688442,83.09904113061657,223.8199993254601,240.4600067138672,239.22688371269956,409.1870572477352,574.4196493771738,83.32208101829733,44633700,6323400,9051400,24727000,37001700,36010600
2024-11-19,226.83074951171875,243.25,234.7177276611328,412.06707763671875,578.4174194335938,84.28857421875,228.69881907074455,243.30999755859375,236.70677679200912,412.2150169012381,579.142513878155,84.63242212410569,225.22103903072198,242.02999877929688,233.2307733224933,405.912533336808,572.2736733921519,84.21423466604253,225.53899960732684,242.75,233.90666165823853,407.4511618868994,572.9399780116551,84.40009418294035,36211800,6579100,6792700,18133500,49412000,29585100
2024-11-20,227.5461883544922,244.6199951171875,232.48728942871094,409.798583984375,578.613525390625,84.0190658569336,228.47027695087482,245.2100067138672,236.1853820806055,411.57394553855335,578.897666302881,84.40937503055436,224.45593165289552,243.50999450683594,230.42099380614764,404.9558378403451,572.8616903884546,83.74026953858454,226.61215353970658,243.74000549316406,235.9826082126915,411.1596854793811,578.4959457161364,83.7774428537034,35169600,6630700,9015300,19191700,50032600,27755400
2024-11-21,227.0692596435547,246.66000366210938,236.33023071289062,408.0295715332031,581.7196044921875,83.9540023803711,228.6988476019872,246.80999755859375,237.0350994361045,414.85856338751086,583.1404284379229,84.42795325810795,224.27710117470866,245.69000244140625,233.77150509187655,405.47983232208855,575.6248397212988,83.63803985526953,227.42697481306035,246.22999572753906,234.85292652668068,414.5818472703372,581.4550801704302,84.05622721851208,42108300,7646400,8783500,20780200,46750300,28365700
2024-11-22,228.41065979003906,249.83999633789062,239.98968505859375,412.11114501953125,583.5225219726562,84.00048065185547,229.25526960886552,250.38999938964844,240.5690116009233,412.50644943843054,584.1496532645427,84.28856499855985,226.6121530455377,247.86000061035156,234.65979541625032,406.2407824115055,581.2100426161727,83.77744783795805,226.6121530455377,248.1999969482422,235.219821387118,406.547145598137,581.709726188909,84.11200060384684,38168300,7503000,7997300,24814600,38226400,21547500
2024-11-25,231.39161682128906,242.47999572753906,241.6697540283203,413.8801574707031,585.5020141601562,86.17507934570312,231.7692092379923,244.39999389648438,245.55130530795057,416.14328803070504,588.7649396726674,86.22154067788377,228.28149797848934,241.47999572753906,240.4821205914916,409.9863472135053,583.2188992835091,85.48738356460618,229.99057974831032,244.27000427246094,240.99386567944467,413.4749606494442,587.451946771504,85.68253817597073,90152800,10733100,10295400,27691100,42441400,56858000
2024-11-26,233.56771850585938,242.9499969482422,241.36077880859375,422.9722595214844,588.5591430664062,85.84053039550781,234.07449047305911,243.08999633789062,242.35530337685785,424.009967476074,589.2254477201681,85.90558193553774,231.84870566104107,241.5800018310547,239.78691296046713,413.9394320534797,586.0310608458545,85.32011098518221,231.84870566104107,242.7100067138672,241.86287360225722,414.6707466837262,586.7463470552605,85.645375775418,45986200,4945900,6212100,23458900,45621300,31122200
2024-11-27,233.4385223388672,243.49000549316406,241.1869659423828,418.0309143066406,586.7756958007812,86.4352798461914,234.19370712659864,245.17999267578125,242.53875732525523,422.22122564388053,588.7549929605899,86.77912062418628,232.32563759305353,243.1999969482422,240.20210641192003,417.07228524559736,585.2569089334798,86.11931019361509,232.98145117337265,244.85000610351562,240.76213237626226,420.12605489536344,588.3728890308719,86.46315806169528,33498400,6930600,5472300,18332400,34000200,39442200
2024-11-29,235.82330322265625,245.58999633789062,241.11940002441406,418.49542236328125,590.4208374023438,87.32742309570312,236.3002516789311,245.80999755859375,243.09879896511487,419.8987878079345,591.2047216811674,87.34600621038727,232.48463370489634,244.72999572753906,240.85869496329937,412.90177557031507,587.314665296655,86.83488902058738,233.3192972938568,245.25,241.25457769809182,415.16493646523105,587.5889978813017,87.15085160081797,28481400,2708500,5494800,16271900,30177400,31905700
2024-12-02,238.06895446777344,243.44000244140625,237.7688751220703,425.9272766113281,591.4791259765625,87.53723907470703,239.26133321145704,244.5800018310547,241.6311106570481,427.92358362660957,592.1552388895445,87.79834826152688,235.654388648958,243.13999938964844,236.59089210524135,416.37063273208213,590.3424429138348,86.72592943163816,235.76369091824088,244.4600067138672,240.95522238507886,416.62759418862754,590.8323780737772,86.97771125758824,48137100,4765000,8899700,20207200,31746000,39406000
2024-12-03,241.10952758789062,243.92999267578125,236.38815307617188,426.14471435546875,591.7535400390625,86.78189849853516,241.21882985808793,245.17999267578125,240.4627983571973,427.3998142862311,591.9985076527607,87.68646060563722,237.3833345065081,243.3000030517578,236.20469451535047,422.72525694948587,590.2151960547985,86.71662118743983,238.28756099978403,244.9600067138672,239.68069795223073,424.8006430250728,591.2440480710218,87.59320832045721,38861000,3557800,6657700,18302000,26906600,32768900
2024-12-04,241.4672393798828,244.6699981689453,235.01702880859375,432.2917785644531,595.4279174804688,87.71443176269531,242.5602620666903,245.33999633789062,236.8998804377186,434.5153999624501,595.6728850379003,87.83566613137761,239.71841824290905,244.3699951171875,233.88732667107453,427.55792723241916,592.772507434092,86.29697859143917,241.32812877991805,244.92999267578125,236.27225831692382,427.95323167121506,593.4388120135218,86.36225589969386,44383900,4608600,7346300,26009400,42787600,35851100
2024-12-05,241.49705505371094,242.86000061035156,237.02540588378906,437.4307861328125,594.4481201171875,87.89161682128906,242.98753231090083,244.3800048828125,238.66685314495626,439.44687793021666,596.2314913306755,88.02217143890385,240.59284370740727,242.14999389648438,236.19502460109126,431.0564230401268,594.0953811448159,87.3414233777257,242.4410361127995,244.16000366210938,236.93850911465168,432.7859063083414,595.4279904670244,87.39737332393402,40033900,4806200,6572500,21697800,28762200,23695800
2024-12-06,241.29832458496094,242.9499969482422,238.84066772460938,438.3696594238281,595.574951171875,88.02214813232422,243.0769692456264,243.86000061035156,239.20758484833834,440.8699968788184,596.8095972909788,88.45111420728985,240.5431549096241,242.44000244140625,236.4074549916763,436.5907442566123,594.800875182747,87.67710695444937,241.36788746709487,242.7899932861328,237.23783629630563,437.1145294101148,595.212403953603,88.32988698437278,36870600,3540700,5519700,18821000,31241500,31761500
2024-12-09,245.1835174560547,245.36000061035156,235.41294860839844,440.7909240722656,592.508056640625,87.21085357666016,245.67041216886827,247.11000061035156,239.33311597717812,443.0738395996816,595.6240374954255,87.69577678124402,240.21525975684386,245.25999450683594,235.3646677094542,435.33565050126293,591.9201582931329,87.16423099736443,240.29475369946152,246.27999877929688,238.6186117125457,437.41103647885797,595.457476264727,87.6491470872559,44649200,4711500,7076500,19144400,34742700,30509600
2024-12-10,246.19703674316406,248.58999633789062,234.4956512451172,438.1324768066406,590.6658325195312,86.8005599975586,246.63424582967986,248.86000061035156,239.42000786865495,444.3487425824553,593.6054435570935,87.00571930977948,243.7824557106041,247.8300018310547,233.87769409575165,436.42277827381423,590.0093361336401,86.64203038891294,245.32261857013248,247.86000061035156,235.49017580217017,439.1800773312265,593.184106485161,86.74460293032952,36914800,4642000,9108300,18469500,37234500,28706500
2024-12-11,244.9251708984375,250.9600067138672,235.14256286621094,443.72613525390625,595.2321166992188,85.97991180419922,249.20780656351602,251.25999450683594,235.85708177176627,445.07020661100427,596.1825623151827,86.99638087226236,244.69662013013263,248.97000122070312,233.8390524294808,438.8440482605507,593.3115491139272,85.89598688607931,246.3858398593606,249.35000610351562,235.59637673776825,438.8440482605507,593.5859415432025,86.79122158615642,45205800,11033800,7884400,19200200,28677700,38748400
2024-12-12,246.38583374023438,247.27999877929688,233.21145629882812,444.2894287109375,592.1650390625,84.93546295166016,247.1608807008323,248.24000549316406,235.692949917877,450.81205740820604,594.9380289691392,85.56026097001869,244.12029436088807,246.8699951171875,232.73832710066324,443.8446923743848,592.1650390625,84.86085829178965,245.32261935264157,247.80999755859375,234.63082916006218,443.8446923743848,594.369747252086,85.45768134136975,32777500,10149600,6113800,20834800,31543800,45368400
2024-12-13,246.55474853515625,244.2899932861328,231.67620849609375,442.0262451171875,592.0474853515625,84.0682144165039,247.70737273801882,245.94000244140625,234.36046110198654,446.13747735633456,594.9086900260288,84.72098748960063,244.67674782957272,244.27000427246094,230.90375841719614,440.3560560775405,590.6756429397628,84.00293710919424,246.24671899982582,245.6699981689453,233.7328537003409,443.1825414368637,594.1934038090473,84.67436490706109,33155300,6602600,10392700,20177800,35904700,39486000
2024-12-16,249.44627380371094,244.8800048828125,231.32861328125,446.2956237792969,594.5755004882812,84.31999206542969,249.7841268474892,245.5399932861328,232.38106899290696,446.8787030896928,595.54562235978,84.50650373033669,246.07779571830554,244.2899932861328,229.33956421642742,440.0596036741231,593.0273484159295,83.97495793606369,246.4156487620838,245.41000366210938,232.32313781366128,442.02626356510217,593.8014244521054,84.44122642629237,51694800,3310000,9032000,23598800,43695200,23482300
2024-12-17,251.87078857421875,243.94000244140625,230.15061950683594,449.1319885253906,592.1257934570312,84.52516174316406,252.2185726786221,244.5500030517578,230.78789191547116,449.9522746519603,592.9880840930309,84.85154830355854,248.19428090188288,243.22999572753906,228.48020673867956,444.2993336430134,590.7540109408761,84.35730478143356,248.49237939681157,243.8000030517578,230.43062510460985,445.7224537683285,592.0278303510687,84.41325473044591,51356400,4421300,8083600,22733500,55773500,23839900
2024-12-18,246.47525024414062,239.25999450683594,222.43582153320312,432.26214599609375,574.4784545898438,83.46823120117188,252.66569465886903,243.7100067138672,230.83619659782678,447.3432204529913,594.2031909866316,84.60098668779924,246.16722071424974,238.82000732421875,221.6247555113085,431.89645846414146,574.0962907751041,83.44950395610458,250.559158393614,243.57000732421875,230.76860039603835,446.02882636391814,591.822113059209,84.22652035231756,56774100,8015800,11322400,24444500,108248700,61328400
2024-12-19,248.2041778564453,239.60000610351562,224.93661499023438,431.9062805175781,574.3019409179688,82.20439147949219,250.40015413338242,240.0500030517578,228.21950946148152,437.9841721873849,581.0630696987981,82.74736721009765,245.5213220945425,238.72999572753906,224.27037697069503,431.2046129674818,574.0569733506421,81.92354713570832,245.92872280957204,239.6699981689453,224.27037697069503,436.44246396362297,579.456068103567,82.44779562465153,60882300,8111400,11790800,22963700,85919500,99083300
2024-12-20,252.8743896484375,242.10000610351562,229.41680908203125,431.48138427734375,581.1998901367188,82.67247009277344,253.3811464831127,242.9600067138672,230.97135955828864,438.5376604876813,585.7224397345614,83.23417304849444,244.13025293349912,241.1699981689453,223.61379044750802,423.6048219518138,571.1321976271144,82.65374999401263,246.4653249902114,241.41000366210938,223.93242666437249,428.03227991601136,571.9777678628068,82.87842689089116,147495300,9527800,32348400,64263700,125716700,45542400
2024-12-23,253.6494140625,240.9600067138672,230.17962646484375,430.1471862792969,584.680419921875,81.91419982910156,254.02699130961165,241.6699981689453,230.40170092597464,432.51904296318025,585.2801382457641,82.59760143888182,251.84096111600803,240.64999389648438,226.79051942786361,427.7555447705133,577.7687172457148,81.85803237762835,253.15258832932108,241.60000610351562,227.939537080267,431.61970806424813,580.9443919924163,82.53207036471261,40858800,5835500,8611500,19152500,57635800,32764600
2024-12-24,256.5608825683594,241.44000244140625,233.96456909179688,434.1793518066406,591.1791381835938,82.26058197021484,256.5707984652038,241.66000366210938,234.13837735092437,434.44620567192754,591.2185033240278,82.27930207314732,253.66933730368413,240.82000732421875,230.83616776009418,429.0996280307953,585.4472496940897,81.42739811386787,253.86807977438255,241.49000549316406,231.18375481183074,429.55422661934296,586.0273454449668,81.48356556501668,23234700,2421000,3729100,7164500,33160100,22377600
2024-12-26,257.3756103515625,243.07000732421875,234.76600646972656,432.9736633300781,591.2184448242188,82.21376037597656,258.44877099351584,243.55999755859375,234.88186883103566,435.7705018127553,592.3392110668057,82.34482250662262,255.99445048269988,242.1999969482422,232.4969370056862,431.5110338839644,588.0133066034633,81.63333726715086,256.5508929178466,242.38999938964844,233.11489415476902,433.9322924323696,589.4093887705021,81.64270088858285,27237100,4645100,4451800,8194200,41219100,19981800
2024-12-27,253.96739196777344,241.39999389648438,232.86387634277344,425.4825439453125,584.994873046875,81.53973388671875,257.05766400729357,241.9499969482422,235.0074186310496,430.117561657289,587.7182679434738,82.17632452849006,251.45345479939442,241.0500030517578,231.7727898921543,421.351556737901,580.816408534272,81.50228653810262,256.19316170058187,241.1999969482422,234.36049582992294,429.5048352492743,587.4822571879582,81.89548012739625,42355300,4728100,5730200,18117700,64969300,27262300
2024-12-30,250.59890747070312,240.6300048828125,231.07757568359375,419.84930419921875,578.3192138671875,82.1950454711914,251.890657464443,241.0800018310547,232.54521468407714,422.53741628176584,581.7799853973963,82.41972240330833,249.15811581542044,239.5800018310547,228.94368391501692,416.95366258935724,574.5733451400716,82.07333981193361,250.6287158030117,241.0800018310547,230.54651531283838,421.0648946073582,577.9948115421023,82.22312919491216,35557500,3522500,5723800,13158700,56578800,48519600
2024-12-31,248.83021545410156,242.1300048828125,231.45416259765625,416.55841064453125,576.2152099609375,81.75504302978516,251.6720594492945,242.52000427246094,233.1245756017034,421.72710593306806,580.698454354243,82.64439422357027,247.84649497663966,241.0500030517578,230.7975747930278,415.72826227096317,574.583117216775,81.6895119643731,250.83739579916153,241.0500030517578,231.78244913333967,421.1044871129431,579.9807007946825,82.50396847130145,39480700,2522100,4871000,13246500,57052700,31917300
2025-01-02,242.30191040039062,245.4199981689453,231.73414611816406,413.67266845703125,574.799560546875,81.97972869873047,247.51858047528103,245.52999877929688,234.90117826978482,421.0748782392805,581.1803135593343,82.49462079789356,240.28479918438643,244.0800018310547,231.20308575332456,409.98641726658155,570.7292291618253,81.64270971425121,247.34964638751123,244.22000122070312,232.62245857695913,420.54120060792326,579.4696102256324,82.19504916083991,55740700,6241900,9220900,16896500,50204000,27841300
2025-01-03,241.8150177001953,243.49000549316406,234.90118408203125,418.38671875,581.9864501953125,81.71760559082031,242.6298040057451,244.82000732421875,236.4460843210158,419.0587393010629,582.6254735449975,82.26993790304508,240.3543488544026,243.36000061035156,231.9851918792467,414.62138898974536,576.5593423217554,81.61462716949852,241.8150177001953,244.55999755859375,235.4901756406523,416.1433125624827,577.6408633877121,82.12015565352786,40244100,4872100,9491100,16662900,37888500,21962200
2025-01-06,243.44461059570312,243.19000244140625,233.75595092773438,422.83392333984375,585.3391723632812,81.35247802734375,245.75982034447205,243.7899932861328,238.45338882592614,429.22807073060386,589.6061499736667,81.66141319694631,241.65603491404494,242.0500030517578,233.4938994273639,420.4917138753096,583.6087862357119,81.13715762788918,242.75898865424097,242.3300018310547,236.52199744283416,422.9821587186512,586.2338892852558,81.4929037537403,45045600,3758900,9917800,20573600,47679400,30231500
2025-01-07,240.67234802246094,244.55999755859375,236.00759887695312,417.418212890625,578.7224731445312,80.43505096435547,243.9911405526811,245.77000427246094,238.03603585964578,425.6011386030249,587.688964973869,81.23078737081022,239.81780708502322,243.80999755859375,233.8044559653357,415.8666120215368,576.9036354409319,80.31335245496608,241.4374487975533,245.52000427246094,235.00793797890452,423.9704889084133,587.364502569931,81.07164151798936,40856000,5090300,8753400,18139100,60393100,41757200
2025-01-08,241.15921020507812,245.86000061035156,235.9687957763672,419.58251953125,579.56787109375,80.53804016113281,242.16280789951685,246.4499969482422,237.05580229045634,421.9642686702226,580.6395509433228,80.69718603527097,238.52603985831155,244.50999450683594,233.41625568415455,416.5979364179098,575.350100693004,79.89208589952901,240.3841632667122,245.72000122070312,235.59998364793563,418.4954097350683,578.7911897402016,80.01379156757112,37628900,6303300,8675300,15054600,47304700,44590800
2025-01-10,235.3463897705078,248.2100067138672,232.8048095703125,414.0382995605469,570.71923828125,80.00443267822266,238.63537417198498,249.0399932861328,236.628762281155,419.73074959963856,576.0873576866769,80.36953541924697,231.52082500923515,247.5500030517578,231.70810291840846,410.15435142162687,568.8118897752471,79.72358826177802,238.48631733341054,248.00999450683594,235.92996814062778,419.651700779007,576.0185287190386,79.83592317141513,61710900,12380100,10256800,20201100,73105000,47115800
2025-01-13,232.91192626953125,245.74000549316406,237.01698303222656,412.2989196777344,571.604248046875,79.97633361816406,233.18021644375222,246.7899932861328,237.3372500960213,413.5935589908242,571.9581742427216,80.19165405760815,228.2616441132745,245.14999389648438,231.96043318189513,407.456372689251,565.6658729466735,79.61123094713535,232.04745423938814,246.33999633789062,232.61069705427852,410.3717691669062,566.0788468496604,80.06994840569827,49630700,8448600,10005300,17604800,47910100,33258900
2025-01-14,231.79901123046875,247.02999877929688,240.1809539794922,410.7967529296875,572.3907470703125,79.84525299072266,234.62097773623856,247.0399932861328,240.42359041299397,414.8190138642203,575.1534475548353,79.91078404105116,230.9941559742804,245.52000427246094,235.05647368868276,405.90477401390683,568.6153544470202,79.47078678498174,233.2596800887061,245.6199951171875,235.51263136841433,412.9116481684101,574.5242054496483,79.7890855596836,39435300,4914800,12407400,16935900,48420600,33412900
2025-01-15,236.35986328125,248.8800048828125,244.917236328125,421.3119812011719,582.8026123046875,81.22142028808594,237.44295487436693,248.89999389648438,246.19834907161936,423.1304056035061,583.943061283102,81.42737707889563,232.9416999002932,247.00999450683594,236.50259128635952,413.3662329233126,579.2828525136379,80.8844013835518,233.15037337402552,248.2100067138672,243.02466018784034,414.2161660512409,580.3938376431494,81.16524570909723,39832000,6345000,18448500,19637800,56900200,54120700
2025-01-16,226.81088256835938,250.60000610351562,246.78067016601562,419.602294921875,581.6817626953125,81.48355102539062,236.49898454969573,251.38999938964844,249.46908602016472,424.45473467375496,584.346110636513,81.82056995684977,226.58234697208553,250.27000427246094,244.8978090555052,419.41455019124714,580.9836915331506,80.772065820938,235.84318609247865,250.55999755859375,246.51861866884337,423.6740181923037,584.1691475266347,81.10908475239714,71759100,9236000,15292300,15300000,43319700,34651100
2025-01-17,228.51995849609375,249.27000427246094,251.5266571044922,424.0001220703125,587.5217895507812,81.62398529052734,230.81529094249188,250.80999755859375,252.9436457019137,429.386239236107,589.27179809953,81.89547318822697,227.0294813062853,249.14999389648438,244.71342133292043,423.1502190446997,585.5849165977943,81.48355953070327,230.64637201374376,249.6999969482422,246.65451296396108,429.0007970548674,586.9122299431212,81.84866222083534,68488300,8312900,17678100,26197500,58070600,29875600
2025-01-21,221.22657775878906,253.1300048828125,255.28262329101562,423.476318359375,592.8995971679688,82.35420227050781,222.99527628303537,253.36000061035156,256.4666901787651,425.8481750206776,592.9094384516549,82.54143188174426,217.9872792040061,251.8300018310547,251.85659830232555,420.61032363697626,588.5933154613438,82.03590336058366,222.57794445660952,251.9499969482422,252.409816435987,425.1563998310193,590.5596519481012,82.2793075690725,98070400,7668100,13712100,26085700,42532900,30548600
2025-01-22,222.40902709960938,254.42999267578125,255.09825134277344,440.9688720703125,596.2326049804688,81.92355346679688,222.6971793763667,254.67999267578125,255.62235436148842,442.02630472978717,597.5893820777127,82.36355082931313,218.39466636780546,253.77999877929688,252.5845413063042,430.88844231911156,595.1707663809229,81.74568036900932,218.39466636780546,254.2899932861328,255.1564817205521,432.4301508467356,595.7213382459036,82.26057241926249,64126500,5213800,9021900,27803800,48196000,25278400
2025-01-23,222.24009704589844,254.07000732421875,258.11663818359375,441.47283935546875,599.4869384765625,81.2869644165039,225.58869773276695,254.5399932861328,258.99980869731013,441.5123788470024,599.4869384765625,81.43674665241102,220.88873040600683,252.82000732421875,256.03965618936724,436.3239289556834,595.3281553014472,81.00611290344591,223.3132424800993,253.19000244140625,256.8937411358266,436.81806704057095,595.6034112523917,81.10909131541047,60234800,6511500,10749700,18389300,41152100,31949000
2025-01-24,221.3656768798828,255.64999389648438,257.0393371582031,438.8538818359375,597.7367553710938,81.65205383300781,224.19758968028435,257.07000732421875,259.2327800677332,441.41351331157875,600.4995156835615,81.70822126955427,220.00437919561992,255.61000061035156,255.26325143834285,436.22506379505893,596.5864653530726,81.07163080007953,223.35297985225768,255.9600067138672,255.92321545084891,439.9409915761193,599.5458113037603,81.18397281552195,54697900,7341300,7666300,15549500,34604700,21110400
2025-01-27,228.40074157714844,252.99000549316406,258.01959228515625,429.4652404785156,589.2815551757812,82.6163101196289,230.67619691244207,254.25999450683594,258.13605303558734,430.0977516310497,589.5961762199101,82.78481959310233,222.55806572164707,251.9199981689453,254.535336614133,418.5349097120423,584.6311885086425,82.24184382942678,222.59782027357136,253.86000061035156,256.3890825417096,419.0389401517309,584.798310310645,82.5320589540674,94863400,5799800,7522300,35647800,70361100,42864200
2025-01-28,236.7473907470703,255.17999267578125,259.27154541015625,441.9571228027344,594.3448486328125,82.56013488769531,238.66514594376807,255.25,259.4559218104506,443.1232814648123,595.1805175844501,82.56949136586367,229.3446904229109,253.88999938964844,257.0295580012758,426.3225862891417,587.1971967465958,82.06397013548163,229.38444497187513,254.22999572753906,258.0195333913864,429.50483681704293,590.5104687195756,82.23247245070915,75707600,5332000,7375400,23491700,44433300,25519100
2025-01-29,237.8404083251953,254.1999969482422,258.72808837890625,437.1441955566406,591.6805419921875,82.39163208007812,238.33723404319062,254.82000732421875,262.7073321141327,441.6408703345489,593.9614997638901,82.96269155782832,232.52436707787834,253.3000030517578,257.7866577607091,435.23682974085557,589.1341095636221,82.03588589517453,232.63366934231402,254.5500030517578,259.3395369767374,441.4530954449331,593.5583671362218,82.78481846537652,45486100,5671800,7684900,23581400,37177400,25342800
2025-01-30,236.08164978027344,258.04998779296875,260.3294677734375,410.12469482421875,594.8560791015625,82.7005615234375,239.26133146080375,258.2900085449219,261.75617104949805,417.9024230144378,596.389819126707,83.04694409278365,235.7040725307193,256.45001220703125,258.766873890751,408.31616280623206,590.6087851839717,82.54141567090701,237.1547951903121,257.20001220703125,260.71768010583645,413.86037732807745,593.7943006280343,82.76609973108582,55658300,12981200,8753500,54586300,39281300,25094900
2025-01-31,234.50173950195312,258.55999755859375,259.4268798828125,410.1938781738281,591.6903076171875,82.15758514404297,245.62070152543137,259.989990234375,262.8432200467561,415.7578774765854,599.6933113603776,83.0001324342924,231.9579942451269,257.8599853515625,259.0968978658329,410.04564278987584,590.9332488823969,81.84864994722655,245.62070152543137,259.0799865722656,261.3000557826277,414.06793377994285,597.2746959271392,82.73800105549832,100959800,8961100,7193800,34161900,66566900,48790100
2025-02-03,226.56248474121094,259.94000244140625,258.9512939453125,406.1024475097656,587.7084350585938,82.8265151977539,230.35824094469035,261.3900146484375,260.2712514893426,410.53979775772405,590.1859779526204,83.70964236822566,224.2671520837408,259.5199890136719,253.99181967172157,403.8689337668832,580.5509422345103,82.48829384128973,228.52992572925916,259.75,254.11796573208338,406.774468051233,582.694241567132,83.22110439101785,73063300,11521100,8381400,25679100,65857200,70657200
2025-02-04,231.3220672607422,262.5,260.04803466796875,407.5354309082031,591.6510620117188,83.08018493652344,231.64997406812495,262.5400085449219,261.8920656979003,409.0672770356713,592.1622687341741,83.09897182783106,225.21110156992967,261.3500061035156,258.97071346699056,404.9362598096777,587.2268045597665,82.18766065882677,225.80729852188347,261.8299865722656,261.8920656979003,407.8516865143663,587.767535135661,82.25342553015354,45067300,9850400,5626000,20532100,33457800,33414000
2025-02-05,230.99417114257812,264.1300048828125,262.46466064453125,408.44464111328125,594.0499267578125,84.45186614990234,231.19289841511937,265.989990234375,262.6684965624178,408.97828849654115,594.1974260072697,84.7243226930969,226.82083777153602,263.8900146484375,260.4265087965908,405.5885086845079,588.5049031019603,83.98211497222223,227.0791817096477,264.45001220703125,260.9894418764152,407.5156591589932,590.5302274178379,84.03848281983693,39620300,12681100,5704400,16316700,30653100,48331200
2025-02-06,231.73941040039062,263.42999267578125,268.74407958984375,410.9449768066406,596.1145629882812,84.41427612304688,232.31573010563136,263.7200012207031,268.8217398268807,413.29707875974475,596.2423796576439,84.69612966649613,228.96711414866223,261.489990234375,263.2022723240967,409.1463070589971,592.4866698522919,84.13242974743099,229.8216550685821,263.6600036621094,264.4251692984596,409.1463070589971,595.7901006731433,84.42367315258409,29925300,8731400,7264400,16309800,35771500,22509900
2025-02-07,226.18490600585938,263.8999938964844,267.6764831542969,404.9461669921875,590.6580200195312,83.8693618774414,232.5144614947352,266.3500061035156,270.3454837389774,413.7418190108213,597.8941240756534,84.0384725674888,225.81724462416,263.260009765625,266.61859193134063,403.31551731813784,589.9501076619601,83.5593315855489,231.12335539671392,265.2200012207031,269.10318646976515,411.59727657785896,596.6750050236558,83.84117795707239,39707200,9154000,6857900,22886800,50788500,31171200
2025-02-10,226.45346069335938,268.3699951171875,263.0567321777344,407.3871765136719,594.6693725585938,83.61570739746094,229.378010419489,268.6600036621094,268.0453220031556,410.58918143726896,595.30845601079,84.11364248567104,226.00582893863492,267.239990234375,261.64942897239877,406.10242964328353,592.5949016719809,83.47478061434786,228.36338248973718,268.0,268.01620681498275,408.85969825647294,593.863227291288,83.85998001033467,33115600,13250300,8627400,20817900,26048700,22736100
2025-02-11,231.39732360839844,267.3900146484375,266.890380859375,406.6163330078125,595.12158203125,83.08018493652344,233.99360582200345,268.3599853515625,268.08416285966723,407.6540108795472,595.662312577201,83.3150605009524,226.93093316445223,266.7099914550781,261.71738476219014,404.50140761463905,592.2900526181724,83.0332069565043,227.00055734532324,267.70001220703125,262.299718167667,404.8374480391833,592.4080280097315,83.17413372872835,53718400,7169500,7196400,18140600,30056700,21513000
2025-02-12,235.62501525878906,267.6700134277344,267.33685302734375,404.2445068359375,593.2044067382812,81.95277404785156,235.71455375787428,268.42999267578125,268.3073988294126,405.93445069964594,594.3743794070193,82.30038524893799,229.4675472393098,266.3500061035156,265.2016404153094,399.62924369400855,588.4360645213627,81.60515567893273,229.98481838871234,267.1499938964844,266.0071803987953,402.43594449354754,589.1144530437037,82.00914188200993,45243300,9328600,6683900,19121700,45076100,48536200
2025-02-13,240.26052856445312,270.30999755859375,268.1811828613281,405.7268981933594,599.46728515625,83.31505584716797,241.06626881430705,270.3900146484375,268.812031614192,406.1814967766394,599.6737721354118,83.51235045012787,234.33186254170715,268.2200012207031,265.74510378599365,401.5958809737979,593.0472263246347,82.74195892854651,235.66481592241834,268.3999938964844,267.3853283146615,402.2283921851393,594.3056507477684,82.76074581880474,53614100,8347500,8398700,23891700,40921300,42718100
2025-02-14,243.3143768310547,266.2900085449219,268.4432373046875,403.6416320800781,599.4376831054688,83.75662231445312,244.25938055012708,270.2099914550781,271.0054922240324,404.1160155029715,600.7059485220444,84.25455733211886,239.7233505557091,265.45001220703125,268.30737630553097,401.1215398904841,598.8182823186273,83.72843839539021,239.9819785190441,270.07000732421875,269.20026178200214,403.0091510093491,599.6736338799176,83.972703805824,40896200,11546700,5688600,22758500,26910400,27460700
2025-02-18,243.18507385253906,270.70001220703125,271.70428466796875,404.8374938964844,601.1975708007812,82.77015686035156,243.8913336127375,271.010009765625,271.72368491952835,405.7862306432336,601.1975708007812,83.46538660293233,240.56889220053384,269.6000061035156,267.89001749911944,401.7342920226082,598.1399318067746,82.71378901220113,242.86674847770814,269.67999267578125,268.6082414686908,403.2167063843153,600.5978525430173,83.18354019434595,48822500,8185900,7919800,21423100,26749000,29429200
2025-02-19,243.5829620361328,270.8500061035156,271.02490234375,409.9073181152344,602.61328125,82.87349700927734,244.716969605811,271.3299865722656,271.9954480996811,410.6188782021152,602.9082197102092,83.09897555424695,241.88195827091008,269.239990234375,269.0546956439582,402.8707962337448,599.3000091966954,82.57285656003997,243.37407429304395,270.67999267578125,270.18053227508295,403.09811062253897,599.8112758662747,82.62922440432395,32204200,9342500,7007200,24114200,31011100,20584300
2025-02-20,244.5379180908203,270.989990234375,258.94158935546875,412.07598876953125,600.1062622070312,83.18354034423828,245.4829218502696,271.8399963378906,270.52990776080935,415.2250013636158,601.3843689751305,83.39023201160792,243.00600383864503,270.1700134277344,257.9128132494212,408.52096684547683,596.8028311734677,83.09898140402605,243.65259654249155,270.2300109863281,270.47167738640707,411.24417583261857,601.2467110134413,83.09898140402605,32316900,7356900,13846700,23508700,36554000,27913400
2025-02-21,244.2593994140625,270.739990234375,256.45697021484375,404.23309326171875,589.842041015625,84.18879699707031,247.38289505871285,271.510009765625,261.2708979105654,413.9772255480723,600.0276510429451,84.48943742964686,243.93113206298463,269.510009765625,255.09821224375392,403.9162337604133,589.3799206723878,83.44658936118343,244.65729095432025,270.79998779296875,260.41681300910824,413.27415103230015,599.8899930676969,83.4935673407058,53197400,8917400,12835600,27524800,76519800,46912300
2025-02-24,245.80125427246094,272.2099914550781,253.6424102783203,400.0640869140625,587.157958984375,84.4330825805664,247.55199828948733,272.32000732421875,259.1357025074417,405.38176561032634,592.8800056614799,84.61158316098476,243.1353323966777,270.3800048828125,250.99280984837583,395.42968840762455,586.4500466079941,83.85998554780852,243.64264638435856,271.45001220703125,257.67016901902093,404.5301585448998,591.8869960824046,83.92575042855937,51326400,5374400,10372800,26443700,50737200,26218000
2025-02-25,245.74154663085938,268.6199951171875,249.81845092773438,394.0235595703125,584.2378540039062,85.88929748535156,248.68599549611233,271.67999267578125,255.25351263379156,398.00441513588805,587.8264418905826,85.96445938870373,243.62275227067275,266.45001220703125,245.88775278979048,392.8352683816966,579.636634088407,85.30681065395638,246.69650753214344,271.4599914550781,254.50620312645628,397.1923965138258,587.0989070332523,85.4665243227045,48013300,10079800,9608400,29387400,58266500,50125100
2025-02-26,239.0966796875,269.0299987792969,251.1675567626953,395.83575439453125,584.5328979492188,86.39662170410156,243.69239232640413,269.0799865722656,253.22510912697214,399.66804717869115,589.4881049123491,86.49057049080926,237.87314875998453,266.6600036621094,249.36232616658907,390.40913086553707,581.8980139327481,85.6825980230237,243.04581476744292,267.0799865722656,249.58556236411243,394.13250979931917,585.8995163780398,85.88928965448042,44433600,7276000,5943600,19619000,43321600,32220200
2025-02-27,236.05276489257812,264.92999267578125,251.41986083984375,388.7059020996094,575.20263671875,85.78595733642578,241.18564780716906,266.6700134277344,255.87469182858476,401.7871994813194,587.9543615454245,86.23692161854422,235.81402085750776,264.45001220703125,250.2649090455339,388.3494237890168,574.8094053796542,85.62624365710984,238.1516754344793,266.489990234375,252.51658225954176,397.36074580317216,586.8040113591791,85.78595733642578,41153600,9374600,8204400,21127400,74196700,53373600
2025-02-28,240.5688934326172,263.2699890136719,256.85491943359375,393.1224365234375,584.178955078125,86.83819580078125,240.8175794410065,263.3999938964844,257.0102103033765,393.7562160246685,584.7098443771037,86.88517378179223,228.9900734891547,261.25,250.29405049282587,382.8039671137811,572.6365684069419,85.93627447447201,235.70459571566596,262.55999755859375,253.0503967893836,388.83463352266693,575.7040488167072,86.29328275952145,56833400,11504500,10467100,32845700,88744100,49388600
2025-03-03,236.77890014648438,266.739990234375,252.9436492919922,384.7052307128906,573.9441528320312,87.24345397949219,242.7473638198223,266.8800048828125,258.47577236645964,394.93461038215554,587.2857532860544,87.3753977015211,234.8689935924468,265.07000732421875,250.22613281744813,382.39794340981075,570.1392964764723,86.11250573627477,240.51913191748446,265.07000732421875,256.2240989340042,394.93461038215554,586.1452445030724,86.15020496976783,47184000,7725600,9058300,23007700,74249200,42904200
2025-03-04,234.68994140625,269.05999755859375,242.8790740966797,384.8240661621094,567.1504516601562,86.16905212402344,238.80819608105105,269.3999938964844,249.6534940988536,388.755390806373,575.5369060706639,87.45079731806182,233.44651142335266,267.5199890136719,238.70572440707394,377.2882188683939,562.6180601948478,86.01825518806896,236.46059966619734,269.010009765625,247.76091803763094,379.66483152587324,569.9525173224438,87.12093800865348,53798100,8481300,13465600,29342900,109648200,56722000
2025-03-05,234.50094604492188,269.6199951171875,244.12136840820312,397.1131286621094,573.24609375,85.4810562133789,235.30668622205877,270.260009765625,245.59660207726964,397.7568203379533,575.035467216836,86.51776720272257,228.02515316620742,267.9599914550781,240.5303521377995,385.02209070764377,563.434093538414,85.3962383271929,234.18262069274581,267.9700012207031,243.84961678618464,385.5469260754551,566.9833166199888,86.29157179210547,47227600,6990400,7861400,23433100,71230500,50215900
2025-03-06,234.0930938720703,268.25,239.27833557128906,393.0234375,563.0703735351562,85.19830322265625,236.60979483297604,269.510009765625,242.015281613365,398.23217304119834,570.4047711019521,85.57528829694964,231.9345013377031,268.1600036621094,236.66758002130527,388.8544303529959,560.523941077153,84.56685735769035,233.20777237015392,268.25,240.80209946195242,390.438848896208,565.7937090893346,85.27370167559337,45170400,6136400,9983200,23304600,80094900,42827500
2025-03-07,237.81346130371094,268.3900146484375,235.14382934570312,389.478271484375,566.2262573242188,84.92501831054688,240.10136041796665,270.3399963378906,239.45305495919504,390.9537458547577,567.6715458955733,85.914603570703,233.5261018066448,267.6400146484375,232.36806783489953,381.7839796807534,556.1094773560538,84.81192059240499,233.87426828677374,269.0899963378906,238.00693642207267,388.497925986767,561.2907933786839,85.89575035581532,46273600,10431200,20498700,22034100,81158800,36903600
2025-03-10,226.28436279296875,266.0400085449219,225.380126953125,376.4563903808594,551.1444702148438,85.8109130859375,234.91874867921032,268.44000244140625,230.5143072655119,382.6355890788174,559.9536192631458,86.35753395755587,223.04150278970278,265.6400146484375,221.9638018922669,373.5450301742595,546.2384702857362,85.6789693730924,234.3019970725287,267.6199951171875,229.25260968443942,382.08104715568106,558.0364891964213,85.83918571149101,72071200,7593900,18887200,32840100,99326600,41440800
2025-03-11,219.67926025390625,269.1600036621094,222.39085388183594,376.7436218261719,546.5629272460938,85.19830322265625,224.65298022983382,269.7300109863281,226.44774284176466,382.23954096173566,554.5266268117218,86.22558017995371,216.30707871737093,268.44000244140625,220.01301974210133,373.23810047588285,542.728606721458,84.95326184580671,222.63365113389432,268.4700012207031,224.9239788967364,375.30773581476114,549.9843938775969,85.73550461664686,76137400,8436600,18143000,30380200,88102100,40555700
2025-03-12,215.83953857421875,270.3299865722656,221.18736267089844,379.53607177734375,549.4632568359375,84.68938446044922,220.58447147788527,271.2300109863281,227.4182791975453,381.4670864515663,553.631880779765,85.17946008167863,213.7804264853068,268.3599853515625,220.56621400526214,375.2581813231993,544.3704523001988,84.61398599860067,218.9829331071368,268.4700012207031,227.10769746005099,379.21921226907705,552.7077001878538,84.82132817348764,62547500,7236200,16054000,24253600,69588200,32734600
2025-03-13,208.5779266357422,275.1300048828125,218.55718994140625,375.0799255371094,542.138671875,85.4339370727539,215.70029772842102,275.3500061035156,222.7402395654928,381.5661320778761,549.6992388466521,85.49048232988723,207.3245545879158,271.54998779296875,217.62545954737027,373.7728082450696,540.4279685563406,84.23700973387702,214.81497612462363,271.57000732421875,222.5461333861297,379.4271716632625,549.0896792735167,84.42550590831117,61368300,13741500,16467900,20473000,74079400,38675400
2025-03-14,212.36790466308594,275.239990234375,225.59364318847656,384.7745666503906,553.3369140625,84.98155212402344,212.8254784087618,276.29998779296875,226.27302221151962,386.42831046600287,554.3397648685512,85.20774752982969,208.4784519318959,274.6600036621094,220.87679052941755,375.8127456880931,542.2074423986709,84.6893920461825,210.13967261110687,276.2699890136719,221.40087868737876,376.0801044136148,546.7496748611676,84.83076237721299,60107600,13365000,11962100,19952800,62660300,24658000
2025-03-17,212.87521362304688,276.7300109863281,227.03976440429688,384.9132080078125,557.6039428710938,85.4056625366211,214.0888025037831,276.7900085449219,228.72851937201781,388.88412112316473,560.1208513978755,85.93343743246099,208.8663965620962,275.3900146484375,223.67198421387434,381.813696346666,552.8846868765244,85.17946713235226,212.18883784213668,275.5400085449219,224.37076354224342,382.9326924641042,553.3172833424321,85.57530549462587,48073400,8583400,9586000,22474300,49008700,26700300
2025-03-18,211.5720977783203,279.9599914550781,228.0491485595703,379.7836608886719,551.5770874023438,85.49049377441406,214.01915944879542,280.2099914550781,229.21380056152384,383.59615946585757,555.5097605205915,85.78265389590588,210.37840804794794,278.9700012207031,226.64186010682008,377.38725393405446,549.6500559715837,84.93444616378191,213.03437263106773,279.8999938964844,227.4182997112403,383.29909421372145,555.2934322950165,84.9532921885513,42432400,9596500,10344900,19486900,66041400,23654700
2025-03-19,214.10870361328125,281.1099853515625,232.06719970703125,384.0417785644531,557.5842895507812,85.93344116210938,217.6101915579757,281.4800109863281,235.19235827185224,385.8836435250732,561.3399999727566,85.97114039779039,212.6265295918345,279.05999755859375,227.9714953720013,380.2589866011294,552.1768634471969,85.17947082927714,213.0940604852241,279.8500061035156,228.79646520042016,381.7740797920575,553.3566775077279,85.46221150168772,54385400,8822200,10120600,19185500,66556000,31378700
2025-03-20,212.97470092773438,280.75,231.97012329101562,383.0713195800781,555.9718627929688,85.98997497558594,216.3468825511506,280.8999938964844,234.63912397597252,387.97310772514027,560.966374832501,86.93243417099252,211.10457731145533,279.42999267578125,229.2428922333378,379.5460042678497,553.1304918485869,85.91458370465212,212.86527847830126,279.489990234375,229.59228927901535,381.98202996781214,553.848245552193,86.89473494032909,48862900,5863300,8328500,18470500,62958200,35645800
2025-03-21,217.12278747558594,278.489990234375,234.51296997070312,387.4482727050781,556.1552734375,85.4810562133789,217.68978368973626,279.4599914550781,235.16323383404452,387.92357710345186,557.0526817242638,86.1784812771908,210.16952111998106,276.5899963378906,229.53406562636874,379.07067004050685,550.2878724028328,85.40566493356708,210.44804823896536,279.4599914550781,230.8054781658387,379.4865916093534,551.5205297947124,86.07481017825643,94127800,9359300,19326900,39675900,83763000,29192100
2025-03-24,219.56983947753906,277.25,240.75355529785156,389.2505187988281,566.1151733398438,84.60458374023438,220.3158974796034,279.0899963378906,241.365003805813,391.54792412450786,567.1703352751009,85.06639405915874,217.4311459430569,276.8599853515625,237.2110695442326,386.012386704804,562.2890000340255,84.5386118647302,219.8384246082871,278.9100036621094,238.2495457049519,391.54792412450786,562.880651498493,85.00984160130149,44299500,7870100,9422700,21004500,58766800,27985600
2025-03-25,222.57398986816406,278.4700012207031,243.733154296875,391.31024169921875,567.4760131835938,84.59514617919922,222.92215637067883,279.9599914550781,244.4028332211237,392.49853282327706,568.4127846067184,84.89673285830678,218.9232808837126,278.2699890136719,240.32652930123646,388.8148031404558,565.73055113845,84.35953136144663,219.60965673355645,278.7799987792969,241.96675395701018,390.082331804945,567.3181993393742,84.4160766167813,34493600,5090200,9287700,15775000,38355700,22333800
2025-03-26,220.36563110351562,278.239990234375,243.63607788085938,386.1708068847656,560.7013549804688,84.0390853881836,223.83729303324841,279.0199890136719,247.16886352040504,391.4587795188397,568.3339598573967,84.4443431330043,219.31120492080973,277.7799987792969,242.4228957957221,384.784452111458,559.3207546377017,83.96368692626507,222.3352199198642,278.92999267578125,245.15984168828058,391.1518020411883,567.2097618801449,84.24642756326298,34466100,3717500,12779300,16108400,51848300,25095600
2025-03-27,222.67344665527344,281.9700012207031,240.8118133544922,386.7748718261719,559.2122802734375,83.79405212402344,223.80745418869535,282.07000732421875,243.25759285817858,388.41870337339975,562.9792883535321,83.90714262779228,219.40073045135125,279.5899963378906,239.89949795497841,383.62585932715103,557.101956447335,83.53015750431207,220.22636977863218,280.54998779296875,242.18028645376282,386.3292739557081,559.3108687859911,83.73749968174585,37094800,8476300,8022500,13766800,42164200,23674500
2025-03-28,216.7547149658203,284.05999755859375,235.69703674316406,375.109619140625,547.9507446289062,84.95328521728516,222.6336557419088,284.6400146484375,242.16086005777964,385.3389984995421,558.413587192946,85.1417742110909,216.5358700680628,282.8599853515625,234.00828183952703,373.2578420054409,547.3689639965595,84.6422719061509,220.504904155295,283.82000732421875,239.6665652294854,384.2992097422753,557.6838635858104,84.70824377302233,39818600,9563700,11978400,21632000,71662700,39869400
2025-03-31,220.9624786376953,288.1400146484375,238.0748748779297,371.7328796386719,551.6289672851562,85.79208374023438,224.4341253115235,288.3900146484375,238.61837812715723,373.3965054432232,552.93066066187,86.08424387274876,215.09348022110552,285.8500061035156,230.36873927152533,363.6622546184452,539.2826520783074,85.16063762591197,215.86937928840504,287.5299987792969,232.35836101622476,368.91063894364476,542.201606334121,85.98057994701387,65299300,13925100,13603000,35184700,95328200,38824300
2025-04-01,222.01690673828125,287.57000732421875,236.48318481445312,378.46661376953125,553.18701171875,86.53549194335938,222.5043215641154,289.1300048828125,238.45339153399044,379.120187514209,555.1297110203275,86.9327529470433,217.74944665223015,285.9100036621094,233.78506877067235,369.59391274714585,545.9981756472096,86.2706560850607,218.65466729819107,288.5400085449219,235.47380892493115,371.00006183577835,549.715889513425,86.30849080999421,36412700,15923600,8054700,19689500,54609600,39800100
2025-04-02,222.71322631835938,288.1600036621094,238.57955932617188,378.4170837402344,556.6878051757812,86.47875213623047,224.0063965120705,289.0299987792969,239.9674326166383,381.32841351216814,559.5475341360295,87.36785022073765,219.85831598824518,287.3599853515625,234.34797933558323,372.9508420143411,547.1125011420022,85.7504534528748,220.15674221426906,288.2799987792969,234.4838551459041,374.2876959242722,547.3491617248258,87.36785022073765,35905900,11074800,7758800,16092600,76014500,43488400
2025-04-03,202.12203979492188,286.4200134277344,221.9541015625,369.47503662109375,529.2537841796875,86.87600708007812,206.39944211542388,289.0899963378906,228.21411845193424,373.80248816308017,540.3673821784607,87.70835669030988,200.19223396809613,282.45001220703125,220.6050436132751,365.75168821202425,529.2537841796875,86.86654659371547,204.4596791341039,282.7799987792969,227.36974842028587,371.1386925275575,537.5470765410741,87.50972255787785,103419000,20524400,17188500,30198000,125986000,57467400
2025-04-04,187.389892578125,279.7200012207031,205.3434295654297,356.3343200683594,498.26971435546875,87.82185363769531,198.82944937179326,284.0299987792969,212.58923458837728,370.94062085342546,518.574043873056,88.99470137805768,186.35535024633944,278.0199890136719,204.02511643608108,355.97784180916346,498.0527654446422,87.79347939485184,192.87092693410324,283.6400146484375,210.2553432331429,360.5825339787073,516.4045547647906,88.57853378929236,125910900,21517200,27170700,49209900,217965100,92794200
2025-04-07,180.50625610351562,273.7099914550781,209.40577697753906,354.3736267089844,497.3821716308594,85.1734848022461,193.12954493623218,280.1400146484375,216.83712407913987,367.3856281525139,515.9114550791749,87.19759584404443,173.70219548773406,272.5799865722656,197.41406528016333,341.43098078163547,475.115432610906,84.93702316450108,176.26863687444822,278.8599853515625,200.9393169780438,347.4616469003483,482.40291724281104,86.9043785061998,160466300,19807000,22914400,50425000,256611400,124987600
2025-04-08,171.5137481689453,275.20001220703125,211.77870178222656,351.1058044433594,489.591796875,83.56554412841797,189.33955773730443,278.32000732421875,222.49116855668552,370.00982228854286,517.6963548854247,85.31535886295875,168.32062862424334,274.239990234375,208.24369056058796,346.8377957272636,482.3733480760591,83.44258667052674,185.71869040589692,277.8699951171875,218.27259368729497,364.6723484414274,514.6196468974629,84.44518173887444,120859500,12639500,19485700,35868900,165816600,73861900
2025-04-09,197.8048553466797,285.3800048828125,228.83860778808594,386.68572998046875,541.0084838867188,84.057373046875,199.55559936553783,285.8699951171875,231.9048922466148,389.39905670107095,541.0084838867188,84.0952077692198,170.98654976711688,281.0400085449219,206.04654347465694,349.66000929830324,486.20945053098467,81.2387475701886,171.04623198001363,282.2200012207031,207.5113293287422,350.0957251156184,486.5940541464612,82.54401301802474,184395900,25342200,24022400,50199700,241867300,131353500
2025-04-10,189.41915893554688,292.3500061035156,221.77833557128906,377.63482666015625,517.3018798828125,81.74005889892578,193.7562435722064,292.8599853515625,224.9422782580252,380.15997201946135,526.098105010763,83.4047508837193,182.0381599544528,287.2300109863281,214.9329086419956,364.21681503291546,502.2535908103832,81.6738499276336,188.0762635840202,288.80999755859375,224.60048894505405,378.3379012524662,524.7865408671853,82.98857608346175,121880000,19837800,18896400,38024400,162331200,78592000
2025-04-11,197.1085205078125,297.92999267578125,230.65493774414062,384.6656494140625,526.531982421875,82.18461608886719,198.49121408156802,299.2699890136719,232.97906934942662,386.25003769690613,528.9874258955272,82.57241668504837,185.0820690088969,296.80999755859375,219.71787325553504,375.1987873888056,512.8544231608307,80.39696647052739,185.12186726950821,297.9599914550781,220.99711715573133,376.93173851590154,515.7536352571723,81.2198556663653,87435900,21080100,20284500,23839200,97866300,94814100
2025-04-14,201.45553588867188,296.2300109863281,229.2096710205078,384.0318908691406,531.64013671875,82.77104187011719,211.82076535143517,296.5799865722656,234.15087913970558,390.80525087459347,536.7285795544979,82.96020831249803,200.10268359760292,294.5299987792969,228.14526363842643,380.46695659777833,526.4531053782949,82.11840537630005,210.3286495235762,295.5400085449219,231.53380246810318,389.38918941494444,536.5017296923237,82.66699816193658,101352900,12427600,13017800,19251200,68034000,37596400
2025-04-15,201.07754516601562,297.7799987792969,227.65701293945312,381.9721374511719,530.1510620117188,83.06424713134766,202.44033954558066,298.0199890136719,233.04741393456666,388.07212889209285,535.6930840370895,83.41421296701344,198.74984792281177,296.0899963378906,227.3542929260278,380.41742551182244,529.3621734315309,82.32648794675632,200.7990180691496,296.92999267578125,230.5572900044825,384.7250528209778,532.1824786951643,82.43053164881272,51343900,7924100,10912900,17199900,56892900,22553900
2025-04-16,193.24893188476562,307.4700012207031,224.21963500976562,367.9896545410156,518.366943359375,83.5277099609375,199.64512887500646,308.05999755859375,228.09643576900157,377.8922316795949,530.4273047249436,83.70742312203369,191.35890907242805,303.79998779296875,222.5790672431111,364.41483869971677,513.0714517926509,82.73320229001355,197.31743142832593,304.6499938964844,226.55352634462056,376.9614172312142,524.3034408726064,83.04533339626373,59732400,20778100,9322300,21967800,83484800,35607300
2025-04-17,195.9446563720703,306.1199951171875,226.5144805908203,364.1969909667969,519.1065063476562,82.78996276855469,197.78493872612725,307.1300048828125,228.83859723978307,370.6732850580017,523.800475242003,83.42367834304984,193.39811432307044,302.7300109863281,225.13757837531108,363.31567729138493,516.6411916080497,82.50621308050982,196.16350125239885,306.30999755859375,225.38170933973876,370.10883089247193,520.3194821276195,83.27234661934014,52164700,18287800,9557900,21120200,79868100,31758400
2025-04-21,192.14476013183594,315.5899963378906,223.61419677734375,355.62139892578125,506.7503662109375,81.34280395507812,192.78139570274652,316.4100036621094,226.36798622449223,360.92919678600947,514.4618777265953,82.35485948307905,188.8123615658979,313.95001220703125,221.02639969234494,352.2050274305898,501.4055507612705,81.32389019906987,192.25418258208256,315.0199890136719,225.21569525952322,359.28536510699473,513.9293312369678,81.91031044640113,46742500,20372300,8716200,20807300,69368100,39343200
2025-04-22,198.690185546875,311.1099853515625,230.05926513671875,363.246337890625,519.9349365234375,81.79682922363281,200.53045296496776,317.6300048828125,230.4498836423457,364.1870645763753,521.956482797522,82.30758011277662,194.93999616163734,310.3599853515625,225.93833303093191,356.3541225187108,511.9867633247528,81.72115975256041,195.0892017003565,317.489990234375,226.53401321401216,359.83984897446516,512.9235950678715,82.11841365133358,52976400,35242300,10701400,19485000,75948100,32552100
2025-04-23,203.5246124267578,303.6499938964844,235.22506713867188,370.7426452636719,527.991455078125,82.5913314819336,206.90673568869565,304.739990234375,240.99631170351697,376.6841922722663,537.8625838932508,84.23710267807073,201.7340703321958,300.5899963378906,234.36572139205154,369.38596664501534,526.4728430251603,82.44945303724785,204.91724784553512,304.17999267578125,234.58055782870665,372.396358924379,532.9319549297188,84.06684998769533,52929200,25421500,14126800,20545500,90590700,44082200
2025-04-24,207.27481079101562,308.07000732421875,238.8968048095703,383.52685546875,539.1051635742188,83.4615249633789,207.73239972806866,308.5,239.7073214295824,384.66567617915354,539.8348871004667,83.56556869534973,201.87335793866913,304.7099914550781,232.0025485026731,371.53484734056974,528.0211182344198,83.00752251135974,203.81310578126346,306.9800109863281,234.11184368965115,372.0398885175219,529.2734571828396,83.26289798859067,47311000,10845000,9055200,22232300,64150400,24190800
2025-04-25,208.18002319335938,304.7300109863281,237.83238220214844,388.032470703125,543.0003662109375,84.07630920410156,208.6475540878433,305.3699951171875,239.85377878556818,388.339448160569,543.4046513367819,84.28439662433018,205.1162098506388,301.010009765625,236.07463632488924,380.8531026572445,536.1467793425768,83.8020128061854,205.28531450927932,301.7799987792969,238.9065494767277,383.2297150007932,539.0657336001437,84.08576969126759,38222300,10691600,8588600,18973200,61119600,22513900
2025-04-28,209.0355224609375,309.07000732421875,237.51014709472656,387.3492431640625,543.2073974609375,84.6059799194336,210.38837503045187,309.1099853515625,241.04515888837096,388.91383718504306,545.8699492792146,84.68164938329782,206.36961558551846,302.9700012207031,235.18601541572858,382.8732888048125,537.4583271221219,83.81147219757091,208.89625889548412,304.1499938964844,238.81868556081264,388.1414373128656,543.7399439376,83.85876741654536,38743100,9375500,7394300,16579400,47613800,20130500
2025-04-29,210.09988403320312,306.05999755859375,238.87725830078125,390.201171875,546.6293334960938,85.31537628173828,211.12446912484504,306.95001220703125,239.49247309158469,391.2508426713115,547.7436606136026,85.324836770042,207.27479957627347,304.0,236.01605058594708,386.5768248872523,540.9393676118534,84.46411995659793,207.59312493762445,305.80999755859375,236.50431250866183,387.48784509297593,541.2943585019403,84.48303371696713,36827600,6852100,7216800,14974000,47775100,22129500
2025-04-30,211.3831024169922,303.7699890136719,238.87725830078125,391.4092712402344,546.8462524414062,84.62489318847656,212.4574277707069,306.07000732421875,239.4631785682675,392.79562598704683,548.7988227140515,85.17348592718736,205.5837430092506,303.44000244140625,232.83257331348125,380.69467558939255,534.0069337400583,84.49247524688936,208.19992461631293,304.6099853515625,235.5473233123009,386.49757125114587,539.9729835885655,84.9181033139573,52286500,8331900,12991700,36461100,93101500,42630600
2025-05-01,212.19879150390625,297.4599914550781,241.09397888183594,421.2556457519531,550.7216796875,84.19580078125,213.43226431553572,297.94000244140625,242.61735374261244,432.7327295827746,556.2440206119321,84.75590014712299,207.8020097882055,295.32000732421875,236.4847850001896,420.76051687113977,550.1201573586014,83.82556388857043,207.98107159612528,297.4100036621094,237.13905420831426,426.9100091091665,552.595342895286,84.73691679691929,57365700,14969100,8689600,58938100,63186100,29932800
2025-05-02,204.27069091796875,297.9800109863281,246.58203125,431.0393981933594,558.8966674804688,83.2844467163086,205.9020705063368,300.8500061035156,247.66597331622904,435.1588741169636,560.4941864598073,83.6072143648129,201.09745506032002,297.0299987792969,243.60364543700763,425.80092616148227,554.5774316657111,83.10407229932738,205.0067917796952,300.1700134277344,245.36137644120922,427.533877248033,556.894803218062,83.26545612357953,101010600,8678400,7165000,30757400,60717300,32090400
2025-05-05,197.8446502685547,306.8800048828125,246.630859375,431.9207458496094,555.6917724609375,82.81927490234375,203.0272736250085,307.6499938964844,249.16982732673011,435.2182909345157,558.7882219920989,82.98066597630603,197.1682315771274,304.67999267578125,244.7071062124704,427.9002714913439,553.9068871278389,82.43005464817428,202.03252954096354,305.9200134277344,245.28325170363556,428.652877068793,554.7648117792631,82.92370143846492,69018500,8924000,5450700,20136100,38659200,22862800
2025-05-06,197.46661376953125,315.4800109863281,243.39854431152344,429.0885925292969,551.0470581054688,83.09458923339844,199.59536519080132,315.6199951171875,246.7187190961668,433.46554517602334,555.5339182387945,83.09458923339844,195.9844550154461,311.3999938964844,243.15441337440055,426.9694566129341,549.232620427504,82.24968880232127,197.1682027308483,313.1199951171875,244.1309371228921,427.9894209087166,550.1891335164119,82.40158459535495,51216500,11445300,6369900,15104200,48264700,21095200
2025-05-07,195.218505859375,310.75,243.5352783203125,429.12823486328125,553.3645629882812,83.44583129882812,198.39174158064424,313.260009765625,246.5234388677099,433.8517538131467,555.9975022415719,83.740120303702,192.23427392267118,310.0799865722656,242.98842735746476,426.9100367836598,548.3254139860352,83.3698834127997,198.1231564563361,312.1000061035156,243.98448584012095,429.6134515274466,552.3784371058738,83.4648146489407,68536700,7888300,8724100,23295300,55588000,23161600
2025-05-08,196.45201110839844,304.6300048828125,247.5194854736328,433.9012756347656,557.2202758789062,82.51547241210938,198.99855348942916,310.4800109863281,249.87291137635128,439.34769356127396,562.3974366423718,83.59770423640738,193.65676753221484,303.04998779296875,245.64456159073174,431.4157188741818,553.9069074354913,82.48699377085748,196.68079799363124,309.760009765625,245.66409623863075,433.66359321182534,557.3977713110521,83.55973030047564,50478900,11927600,8320100,23491300,65130800,25483700
2025-05-09,197.48651123046875,306.8399963378906,247.13865661621094,434.455810546875,556.51025390625,82.63890838623047,199.48594106569843,308.57000732421875,249.51160240858812,436.4462081525218,559.6263849147109,82.88572816196974,196.50170927536814,306.010009765625,246.41602360630893,431.63356980482325,554.9521583078488,82.51549125557148,197.95404209190752,307.7900085449219,248.52531868880288,435.7134270593174,558.6205173502777,82.59143914477865,36453900,6913100,5087600,15324200,37603400,17007900
2025-05-12,209.95704650878906,298.19000244140625,253.94500732421875,444.8832092285156,574.9015502929688,81.86994934082031,210.435160708662,299.4700012207031,257.4116847639064,444.9921230759706,574.9114211824733,82.3825867329044,205.93301745006437,296.82000732421875,252.62672400889193,435.4955548202822,569.0340889310521,81.82248734177642,210.13634313336473,298.3299865722656,256.7281061698435,441.5955462250109,573.4026196086874,82.00285452660626,63775800,14375900,9603900,22821900,78993600,32115000
2025-05-13,212.08859252929688,299.4599914550781,256.8355407714844,444.764404296875,578.6981811523438,81.53768157958984,212.55673652410627,300.29998779296875,257.4800500721763,446.2794975271711,580.907093658496,81.9174137635488,208.17412935394688,297.239990234375,254.27705311794927,441.021200788799,574.7536773375426,81.16744469199683,209.59847136477597,299.0199890136719,254.90201286940857,443.41763796979524,575.3157161654024,81.76551799284962,51909300,10233600,8589000,23618800,67947200,53912200
2025-05-14,211.490966796875,293.1600036621094,259.40380859375,448.5273742675781,579.437744140625,80.99656677246094,213.09460539099953,294.79998779296875,260.38033243913924,449.47801330220653,580.8084133986617,81.51869943849587,209.7478820292828,291.9599914550781,256.13244775146745,443.77414887416586,577.4161378946785,80.88264494274719,211.5905625216416,293.6700134277344,256.82577133737385,443.77414887416586,579.6546629482465,81.40477760878214,49325800,14800600,8643100,19902800,66283500,42119800
2025-05-15,210.61444091796875,297.8399963378906,261.2103576660156,449.5392761230469,582.2678833007812,81.70857238769531,212.11848379882832,297.8999938964844,263.19269990894253,452.57502540604634,582.770756919371,81.94590413126859,208.71198473801002,293.75,258.5444666020599,446.860659567107,576.9822030720642,81.1484729494016,210.11641669484823,294.1000061035156,260.7025759874391,447.1979616790238,577.4358426248243,81.29086620131355,45029500,13497700,9214600,21992300,71268100,59448000
2025-05-16,210.42518615722656,294.239990234375,261.2787170410156,450.67022705078125,585.9559936523438,81.92691040039062,211.73002236916358,294.5799865722656,262.1575825394603,450.7595102326154,586.2518193704545,82.48700976773287,208.9410837213976,291.7799987792969,258.495618128322,445.17414935289,581.1042713102905,81.83197192075578,211.52084551122164,292.6199951171875,261.2201279945288,448.4678177382938,583.0469103495059,82.46802641747938,54737900,14173000,8932900,23849800,76052100,31778200
2025-05-19,207.95498657226562,298.0299987792969,258.6616516113281,455.23382568359375,586.596923828125,81.68958282470703,208.65221742207615,298.5799865722656,262.0208961622138,455.9481214834615,587.2773530559552,81.75603541814398,203.45284348728632,296.4800109863281,255.78089422806747,447.2277665675242,579.9405744991373,80.53140284527197,207.08842931596485,297.8500061035156,259.3159059261038,447.3071495873714,579.9405744991373,80.6073507357112,46140500,11656300,12145000,21336500,68168500,49361900
2025-05-20,206.04258728027344,303.5799865722656,259.4428405761719,454.5393371582031,584.6246948242188,81.10098266601562,207.64622592622177,303.67999267578125,260.3998446453458,454.70797307292094,585.8080578995526,81.26236647151296,204.2198167548668,298.29998779296875,256.14218530617444,450.71983965496236,581.419785763877,80.74972916923775,206.84938410987283,298.3500061035156,256.3570217379832,451.9797648957129,584.8614155899625,81.10098266601562,42496600,12851000,8436300,15441800,60614500,35493100
2025-05-21,201.2914276123047,305.82000732421875,254.91177368164062,448.9837341308594,574.7733154296875,79.71497344970703,206.22186440009241,306.4599914550781,259.413533964149,454.1524403651085,584.3584902721909,80.74973619678445,199.91689108628387,303.6700134277344,254.60905369653722,448.22974686474834,573.7477661832594,79.51561568860373,204.3592586621154,304.54998779296875,258.1440649815309,450.967885651573,580.2759146876367,80.38899461613879,59211800,12414500,7464000,19216900,95197700,77053100
2025-05-22,200.5643310546875,303.1099853515625,254.5504608154297,451.25555419921875,575.0001831054688,80.13268280029297,201.94883789272,305.2799987792969,256.1421695061678,456.6028569421555,578.4811762683786,80.15166615044569,198.91088686006037,302.1000061035156,252.79270017238227,450.30316997101943,573.3434386116112,79.07892941848425,199.91690559460176,305.0899963378906,253.34932586607096,451.3448676580097,574.5760959985981,79.28777524132056,46742400,9704200,6514100,18025600,70860400,61747900
2025-05-23,194.49839782714844,309.75,254.58949279785156,446.6126708984375,571.0753173828125,80.26558685302734,196.9187884239126,310.25,255.83944197772107,450.0948666019555,573.7378691727489,80.52190191183114,192.69555244631704,307.4700012207031,249.99007438301427,445.3527455471655,567.6140060747297,80.03774319765844,192.9047141233614,308.8599853515625,250.78105621865066,446.414273906322,567.988738706783,80.47443267293204,78432900,13339500,6671800,16883500,76029000,47139200
2025-05-27,199.4188690185547,304.5,259.0620422363281,457.03936767578125,582.9483642578125,81.38578796386719,199.94677348688452,304.8800048828125,259.0717872108682,457.29731705224054,583.1061179228353,81.67058165194085,196.64984031499387,302.739990234375,255.8394953803926,452.5055743512772,570.4048112020747,80.83517669368749,197.51641281084125,303.80999755859375,255.8883394576745,452.86273735527834,577.938827709351,81.02503915240325,56288500,9578500,7506600,20974300,72588500,56773400
2025-05-28,199.62802124023438,303.80999755859375,257.3042297363281,453.73577880859375,579.5757446289062,81.03455352783203,201.92889064401075,304.989990234375,260.45841213292607,458.8548936312049,584.545857588394,81.20543267802529,199.1100718095576,303.05999755859375,256.728084308059,453.3091934756473,578.8460211072919,80.66431657621168,199.79734764673603,304.6400146484375,259.989670011101,457.56520718600586,583.3526236048898,81.08202277508192,45339700,8803300,5535400,17086300,68445500,34806800
2025-05-29,199.15988159179688,305.6099853515625,258.1636047363281,455.0452880859375,581.8635864257812,81.78451538085938,203.0046291598645,306.8900146484375,259.17919788181575,458.0612067791374,584.9699071457442,81.88894192119436,197.72556941325453,304.4599914550781,256.3668044334763,451.7019977235154,577.9388245287198,81.3003566250144,202.77554227533128,305.739990234375,258.5835028383828,457.8925405838875,584.8318350718904,81.42376651686958,51396800,9487900,5081200,13974800,69973300,38933200
2025-05-30,200.05633544921875,303.6000061035156,257.8022766113281,456.71197509765625,581.2128295898438,81.90792083740234,201.1619498266407,304.0199890136719,259.10104011963335,458.0215223462663,582.928679235147,82.08829525962997,196.00241099917397,301.5,256.56210214543427,451.9301930198663,575.1481304892388,81.52818864245485,198.5821728136608,303.6400146484375,257.26520045551075,456.07706236471586,580.7591899526665,81.72754641517471,70819900,9553300,10977700,34770500,90601200,49042100
2025-06-02,200.90296936035156,311.6700134277344,258.4468078613281,458.3092346191406,584.4866943359375,81.1456298828125,201.33127809714276,311.7200012207031,258.8081169206428,458.44810948050275,584.5655410710423,81.4410144069141,199.32921098525782,308.7200012207031,255.75159247660167,453.2695031394806,576.9428072484826,80.79306876681142,199.488582384924,309.2099914550781,256.84529442949264,453.51752207653715,579.6053591727813,81.26949917071778,35423300,13593200,6011200,16626500,61630500,46213100
2025-06-03,202.46678161621094,308.9100036621094,260.0190124511719,459.30126953125,587.8197631835938,81.00270080566406,202.96480586317466,309.55999755859375,260.32173248111746,460.46201137480375,588.7960181097066,81.69828513717015,200.16591202699755,307.1499938964844,256.7086118716836,457.20797414521616,583.6385391723649,80.88835488950158,200.55437033168948,309.55999755859375,257.5386631607241,457.81315604121755,584.121791379625,81.41243125139069,46381600,9315100,6998400,15743800,63606200,33731300
2025-06-04,202.01853942871094,310.8999938964844,258.0171203613281,460.19415283203125,587.6619873046875,82.3176498413086,205.42502305946414,311.8800048828125,260.8490334291481,461.9997378828715,589.6539808386906,82.56539570262848,201.30138338029005,308.739990234375,257.9780510648975,459.35088242690273,587.2280895107962,81.6125348342075,202.10818013514051,309.4100036621094,259.67722274650265,460.3231275179124,588.6777258495218,81.7459347742063,43604000,7462500,5915700,14162700,57314200,57441500
2025-06-05,199.8372039794922,309.3299865722656,255.80043029785156,463.9739990234375,584.8219604492188,82.37483215332031,203.94091870107042,312.20001220703125,258.5249103385397,465.9283895442318,590.6894216670538,82.83220864095753,199.35908978394463,307.6499938964844,254.1989169051607,460.35292843866904,582.8497086239531,82.15567819009514,202.69585814733983,311.239990234375,258.5249103385397,461.2755516588244,589.3384339818148,82.59399338629812,55126100,10817800,8173800,20131700,92278700,37664700
2025-06-06,203.1142120361328,305.17999267578125,259.4916687011719,466.6525573730469,590.8274536132812,81.32666778564453,204.887177182899,309.20001220703125,260.3900538690605,469.5890928719542,592.4940086999786,81.8793287941102,201.25160617035465,305.1000061035156,258.0561775861971,465.06523024972654,588.5790577947733,81.25996782046771,202.19784922307906,309.0899963378906,258.1245116003273,466.3648469522318,590.3540722792903,81.74592886375655,46607700,7787500,7738100,15285600,66588700,38130100
2025-06-09,200.65396118164062,306.6199951171875,260.47796630859375,469.0038146972656,591.3599853515625,81.41243743896484,205.18598475848052,307.6099853515625,261.61073756854347,469.67841894667356,592.9082102708385,81.60300671063496,199.22961916524454,305.05999755859375,257.1675659016327,464.90653697170796,590.1864930975049,81.03129162587291,203.58234611432158,305.3900146484375,259.75534818459647,465.9779957450024,591.3994087206146,81.03129162587291,72862600,7159000,8285000,16469900,53016400,26560800
2025-06-10,201.869140625,306.7099914550781,262.2943420410156,467.1883239746094,594.7127685546875,81.8316879272461,203.54250994980842,308.6000061035156,262.5872873090316,469.0534009468453,595.0973118762876,82.11754909275386,199.77744796710627,305.8699951171875,259.60890114666654,463.25968221899245,590.7781362147839,81.48865743653732,199.8073282051838,308.30999755859375,259.63819567346815,467.45617352695865,591.8924030034493,82.04131847931826,54672600,7071700,7538100,15375900,66247000,24857000
2025-06-11,197.99452209472656,308.3699951171875,261.8548583984375,468.8748474121094,593.0167236328125,82.07942962646484,203.69192080198684,308.6199951171875,263.2903496169879,471.7022694228479,596.6654019118176,82.32717547269971,197.62598900862739,305.8500061035156,259.5502764699578,465.9383115986028,590.9557539749433,81.66969918720186,202.6958722895077,307.5,262.37241483499554,466.29544434484353,595.807477097167,81.76498381429187,60989900,9248800,7434100,16399200,73658200,36334800
2025-06-12,198.41285705566406,312.20001220703125,261.9427490234375,475.0752868652344,595.3734741210938,83.06088256835938,198.890956077424,313.1000061035156,261.9915930968164,476.6130223697302,595.3734741210938,83.08946723208211,196.58013147350607,311.1499938964844,258.91554891738133,469.7676758011157,591.2021810906274,82.51775214837203,198.29333609984755,311.739990234375,260.5951413369258,471.2557893550323,591.6853731206485,82.79408268061144,43904600,11531400,6618000,18950600,64129000,43017800
2025-06-13,195.6737060546875,316.2900085449219,258.7300109863281,471.1962890625,588.7171630859375,82.26048278808594,199.57821397711425,317.6000061035156,260.75139274608847,475.3828499324856,593.499849631983,82.78455191834473,194.92666975119658,315.0400085449219,256.5425772552077,469.0137405811006,587.218232455665,81.73640638807545,198.94074360607502,317.260009765625,258.85693405632503,472.6348110082228,590.1963519379123,82.64162859993432,51447300,16592900,7098300,16814500,89506000,49374000
2025-06-16,197.63592529296875,311.7799987792969,264.0129699707031,475.3431396484375,594.318359375,81.43150329589844,197.90486262143017,314.8699951171875,265.3508326588525,476.88084478973553,596.0638215052488,82.35577966433878,195.78327462738756,311.6499938964844,260.5853915714537,471.2359319408476,591.8924679557008,81.43150329589844,196.52035592822918,314.79998779296875,260.731864186611,471.4442593493389,592.0700235861916,82.02227975555948,43020700,12848400,8566000,15626100,79984100,36496600
2025-06-17,194.86692810058594,311.94000244140625,263.1926574707031,474.2518615722656,589.2398681640625,82.4224624633789,197.6060614779548,313.0,264.23754498425956,474.9462963755368,593.401290785268,82.57492368689581,194.43863454049264,310.1199951171875,261.5130355109874,470.3232201221163,588.480531921813,81.70781683508372,196.4207613301707,312.6600036621094,261.87437431373314,471.63276727216606,591.8826784891205,81.94603204451545,38856200,8234100,6739300,15414100,82209400,34521600
2025-06-18,195.80320739746094,310.260009765625,267.5284118652344,476.4344482421875,589.1510009765625,82.56539916992188,196.7893008408277,312.9800109863281,271.20015034008526,477.1884355000323,592.8785252065284,82.98465302620245,194.2991796996429,309.8599853515625,263.3879611092617,470.70025162122124,588.1944276516227,82.27953798949038,195.16573699325735,312.8900146484375,263.66138654029504,474.21220825159133,590.1371267775953,82.78455310780112,45394700,9370800,9586400,17526500,76605000,38589000
2025-06-20,200.20574951171875,310.1300048828125,268.5440368652344,473.616943359375,587.7673950195312,82.4129409790039,200.90298042554332,310.8900146484375,270.79002961674195,479.62891980922967,592.8906208578056,82.69880216999366,196.08210930882012,309.25,267.3819711943445,473.09114443804276,586.3629131433069,81.89839519707361,197.45666110928434,309.3299865722656,269.1006625666469,478.4086860483398,591.8224395288368,82.07944110268392,96813500,8794700,13969700,37576200,94051400,26001900
2025-06-23,200.70376586914062,311.0799865722656,271.7372741699219,482.1488037109375,593.5730590820312,82.67974090576172,201.50060768152076,312.6700134277344,272.0106996489925,483.884936234588,593.9587392448562,83.31816326320366,198.17380945321412,310.30999755859375,265.7218838292262,468.76571183115124,585.4035696790836,82.67974090576172,200.83325703321927,310.3399963378906,268.60264103465835,474.42052531416374,588.5190130228361,82.83220214627086,55814300,12687900,8094600,24864000,87426000,36851800
2025-06-24,199.5084991455078,306.19000244140625,274.6571350097656,486.2261962890625,600.13037109375,83.2800521850586,202.63609053842802,306.3399963378906,276.0730768529508,487.9524285572733,601.1885919192599,83.46109083017282,199.40888822531906,303.5400085449219,272.9482181016434,482.9424282150726,596.7972471416377,82.35577585932184,201.78944331230142,305.07000732421875,273.6317669842048,485.07541514458467,597.7072083922786,82.393891171386,54064000,12035200,9267900,22305600,67735300,32959100
2025-06-25,200.76351928710938,307.1199951171875,277.3913269042969,488.3691101074219,600.4666748046875,83.3848648071289,202.8651820841085,307.3599853515625,277.60616331581525,490.64097201284227,601.940336500435,83.3848648071289,199.82723133036671,305.1199951171875,274.31528313116405,485.5119574284625,598.903972841808,82.70833439658482,200.65395335177794,305.30999755859375,274.89142855270444,488.1409520653471,601.247995602986,83.00371896843798,39525700,6733200,6826900,17495100,62114800,26345300
2025-06-26,200.20574951171875,306.7799987792969,281.97125244140625,493.508056640625,605.1646118164062,83.80409240722656,201.8392684520338,307.2799987792969,282.61576173740934,494.09337765578726,605.5997923429508,83.80409240722656,198.67184150130464,304.8599853515625,277.79173169250225,488.9048109762518,601.7029677445283,83.0894469099401,200.63404307360597,305.7699890136719,278.0163428990485,489.07347716233096,602.3161684365299,83.46106198694906,50799100,6787500,8942100,21578900,78548400,30467500
2025-06-27,200.28543090820312,301.2200012207031,280.3697204589844,492.010009765625,608.1712646484375,83.2705078125,202.41697405518968,302.3599853515625,281.92241945147737,495.34336948151105,609.6350865938839,84.00421472671714,199.20969672208463,299.8900146484375,278.34833893885445,489.12306593539506,604.1360202356653,83.12757723325953,201.09222774816857,300.0299987792969,279.10025150036057,493.60723706055035,606.1635425121184,83.44202305363831,73188600,13301300,17868600,34539200,86258400,74993500
2025-06-30,204.3592529296875,304.8299865722656,283.1040344238281,493.4683837890625,611.0790405273438,84.08998107910156,206.57048164253425,304.9200134277344,285.77970025058426,496.79184348109624,612.4340220516922,84.27102699074841,198.4726031076903,301.95001220703125,282.13728534359143,491.404849352638,608.2998373553096,83.48015063642536,201.211736268348,302.3900146484375,283.5825215764878,493.1013206195562,610.6142201701539,83.71836588027551,91912800,8192100,12689200,28369000,92502500,53695200
2025-07-01,206.99879455566406,307.54998779296875,283.59228515625,488.1508483886719,610.8812866210938,84.29845428466797,209.35942450018746,309.0,284.2953834962509,494.10330273882704,612.0483479268365,84.46104315433611,205.3254252695324,307.3599853515625,279.86195702454677,487.08935037246306,608.7746241554748,83.83937897067904,205.85332972802502,308.55999755859375,284.0610273166312,492.53583641461546,609.6053849111585,84.28888808737261,78788900,9335600,9338300,19945400,70030100,38960600
2025-07-02,211.6005401611328,309.25,285.1449890136719,487.198486328125,613.6505737304688,83.76287841796875,212.49697770796604,309.3999938964844,285.945745792629,489.5893925672679,613.6901136433279,83.7724373200405,207.31752868499885,306.9599914550781,282.8989958836799,484.82744098086494,609.8526292762224,83.30379572801169,208.08449026524102,308.0400085449219,285.1840583153917,486.107196925814,610.4757300098587,83.38987692476006,67941800,8316400,8158700,16319600,66510400,39382200
2025-07-03,212.70614624023438,307.1400146484375,290.4435729980469,494.8870544433594,618.4869995117188,83.1794662475586,213.8017903991559,307.57000732421875,290.83605832396694,496.1668406146565,619.4167005776212,83.48551894896437,210.97301649264048,306.1499938964844,285.74348111805267,489.5298515465148,615.6088560521965,83.06469374820443,211.31166931275297,307.04998779296875,286.66583810355576,489.8969147231798,615.628656191773,83.37074644961021,34955800,5275800,6541600,13984800,51065800,26729100
2025-07-07,209.120361328125,307.3699951171875,286.4892578125,493.77593994140625,613.8780517578125,82.38563537597656,215.37554414763466,307.7099914550781,290.4828645965253,494.7977767455099,617.1913758193931,82.78732815808104,207.97491173225177,304.5299987792969,284.6347217587213,491.3056810299541,611.0988485499288,82.17522278624423,211.8395692407974,305.07000732421875,289.7076857742013,493.4386378219278,616.5286747873084,82.76820305759247,50229000,7351600,8825700,13981600,74814500,38314700
2025-07-08,209.1801300048828,304.1600036621094,277.4717712402344,492.6846618652344,613.5418090820312,82.28043365478516,210.59451698338924,306.45001220703125,284.2618850781592,494.2521585292929,615.2923708557059,82.289999853997,207.6262968509882,302.7699890136719,275.048135846527,490.19454200535324,612.7307881009865,81.71615194811079,209.26978591644843,306.29998779296875,283.83993409983367,493.29974399578276,614.5406899285775,81.84048335037666,42848900,11840500,15440900,11846600,59024600,31407000
2025-07-09,210.3056640625,305.5199890136719,277.84466552734375,499.52008056640625,617.2210083007812,83.14119720458984,210.49491569520316,305.5400085449219,281.8088370500666,502.76415743455226,617.8737488887257,83.14119720458984,206.40115605631001,303.2300109863281,277.17743733437857,495.77993553758444,614.1055045789822,82.42388560117864,208.70202548866368,303.5799865722656,281.7891933154563,496.33549554664154,615.945166968477,82.43345179901465,48749400,10644100,11273800,18659500,66113300,29821900
2025-07-10,211.57066345214844,306.20001220703125,282.78021240234375,497.5061340332031,618.9617309570312,83.1985855102539,212.63642743345136,306.510009765625,282.89795501811136,500.4426696344743,620.0002120765442,83.2655343059608,209.2000631819418,304.82000732421875,277.687634657396,493.8056807647675,616.1825277796053,82.72037774181284,209.67816220166208,306.1099853515625,277.687634657396,499.06366987607214,617.3594891460615,83.04556281872593,44443600,7053700,8410900,16492100,57529000,24525500
2025-07-11,210.32559204101562,309.1400146484375,281.4751281738281,499.3315734863281,616.7858276367188,82.05088806152344,211.29176024279,310.2799987792969,281.9853860406829,501.0280145407016,618.0122289852302,82.50996342333741,209.03072603053,308.5199890136719,278.3253938002881,493.85529597280816,614.7187654701638,81.90742427462982,209.73792710960444,308.8599853515625,280.16028588065166,494.5200000462786,615.9154666088177,82.47171322391235,39765800,9187300,7384700,16459500,63670200,40764800
2025-07-14,207.79563903808594,308.010009765625,283.2806396484375,499.033935546875,617.9627685546875,81.87873077392578,210.0765986782557,309.3800048828125,283.8693527089549,499.9764196247383,618.3089087938923,82.13695974589037,206.71990480407712,307.7300109863281,279.90521169280953,497.0597144820079,614.9857451789246,81.60136940589206,209.10046017794556,309.07000732421875,281.6812326297011,497.5458219138798,616.3308265898004,81.811781981426,38840100,5772900,9079900,12058800,51898500,24609500
2025-07-15,208.28369140625,306.7300109863281,281.1709899902344,501.811767578125,615.322021484375,81.30488586425781,211.05270487364396,308.739990234375,286.46964738040805,504.2720960834484,620.9793073894895,82.16566129656492,208.09443976951917,305.7900085449219,280.121098345475,498.80577924001653,615.2428812967698,81.1996795727052,208.39325734338402,307.7300109863281,282.5937831680985,499.03393728805895,620.6430672331502,82.14652889980734,42296300,8149000,12526100,14927200,74317300,40455000
2025-07-16,209.3295440673828,308.260009765625,280.4547119140625,501.61334228515625,617.3792114257812,81.41966247558594,211.5606828488181,311.0899963378906,285.2725470105113,502.70463167926073,617.8836320494379,81.92656890455119,207.8155461810567,305.7300109863281,277.6974624718264,497.9129190668174,611.276844692317,80.52063671742731,209.4689902412225,307.1099853515625,282.9862680414337,501.1768265275145,616.9044910111767,81.56312628390167,47490500,17693100,9979800,15154400,88987500,65987700
2025-07-17,209.1901092529297,307.5899963378906,284.4580993652344,507.6451416015625,621.1573486328125,81.40052032470703,210.9630743588066,307.6700134277344,284.85058472552134,509.30189104591364,621.5134493059918,81.76395557236722,208.7618004967043,305.1199951171875,278.11937245969557,501.6133044647972,617.3396644874989,81.28574784271761,209.7379389650813,305.5,278.11937245969557,501.6728265840105,617.557284919235,81.50572660897961,48068100,6642300,8509500,17503100,68885700,31875500
2025-07-18,210.3455047607422,308.3900146484375,285.8023681640625,506.0082092285156,620.7025146484375,81.52485656738281,210.95309492429405,309.3699951171875,287.009289803847,510.5618634291492,622.5717567026577,81.73526914847105,208.87135730762196,308.32000732421875,282.819455566978,503.40897568442307,619.5947932954602,81.39095897884872,210.0367321724359,309.239990234375,284.08521856694546,510.4030974050004,622.4036365954075,81.70657785048107,48974600,5574300,12217000,21209700,65621600,27534900
2025-07-21,211.640380859375,313.1300048828125,285.50799560546875,506.01812744140625,621.8794555664062,82.25174713134766,214.92734394651046,313.30999755859375,288.65773001934355,508.0320701704435,624.6190586454088,82.73952116327412,210.79374875413163,311.6099853515625,285.125302200427,501.54385636100875,621.4541750937276,82.21348962915025,211.26189276464606,311.8800048828125,285.5374312562634,502.69466780228106,621.8794555664062,82.46215974499721,51377400,10995800,7898100,14066800,63375000,40019500
2025-07-22,213.55279541015625,316.1000061035156,285.9593811035156,501.26611328125,621.9683837890625,82.74906921386719,214.1006251327807,316.239990234375,288.11809552877634,507.1491456054249,622.8288447335428,82.9881730985889,211.39137195770533,313.6199951171875,283.75161723688194,501.26611328125,619.3276609031153,82.35694263729675,212.29777975345726,314.4800109863281,286.0280742772089,506.92095727911294,622.2057439990875,82.4143252346311,46404100,13691800,6717500,13868600,60046300,35190300
2025-07-23,213.30377197265625,312.17999267578125,291.1893615722656,501.861328125,627.259765625,82.29000091552734,214.29982043425818,314.9599914550781,291.4150249489527,502.77405108780124,627.259765625,82.44302362053071,211.57065737650467,311.4200134277344,287.0583682777473,496.7323137246232,622.8288205336723,82.05089701025102,214.15041924441525,314.0,287.3429329100002,502.7343595827018,624.6288825447934,82.2995671148626,46989300,10547500,7083500,16396600,70511000,31008500
2025-07-24,212.9153289794922,310.2699890136719,290.9832458496094,506.8316345214844,627.4674072265625,82.14652252197266,214.83771055173221,310.989990234375,293.96618832212596,509.5995039044367,629.1784892953694,82.48126647052727,212.68624207244096,309.05999755859375,290.6398398939318,503.27998658866585,627.0421268182102,81.78308727738062,213.05477516619655,309.2900085449219,291.8369396401929,504.73833906736274,627.6454273719465,81.82134477105411,46022600,7698800,7001200,16107000,71307100,25164800
2025-07-25,213.03485107421875,307.3999938964844,293.014404296875,509.6392517089844,630.1181030273438,82.66299438476562,214.38947759784276,308.30999755859375,293.2891470363467,514.1829150146133,630.5928838363332,82.67256058317052,212.5567368669443,306.20001220703125,290.4043332995373,506.3157616392057,627.8829206987424,81.9839402354457,213.85160291428238,307.82000732421875,291.1304626389869,508.409026924469,628.1301809903662,82.0604552289421,40268800,9376400,5918500,19125700,56865400,27196200
2025-07-28,213.20416259765625,305.4100036621094,292.6807861328125,508.4388122558594,629.9598999023438,82.12741088867188,214.00100435562788,306.5799865722656,293.8091927274499,510.91900158393673,631.0478210681617,82.44302249370006,212.21806921233596,304.04998779296875,291.2482011503524,506.07766717141,628.5752180855901,82.0891533887259,213.18423737412155,306.44000244140625,292.0724293571669,510.0063088656235,630.4939604147171,82.24217609163776,37858000,9275400,5840400,14308000,54917100,26812500
2025-07-29,210.43515014648438,306.25,291.464111328125,508.5082702636719,628.2982788085938,83.51421356201172,213.96115480223384,307.0299987792969,295.6343323000827,513.5182406496896,631.6708825055948,83.53333866422665,209.9869314052821,304.989990234375,290.6398830117393,507.50626407616875,627.3883778702398,82.44302541616894,213.33363944545516,305.79998779296875,294.36853919701497,511.4448362580723,631.3543820995848,82.47172401479973,51411700,5741100,7635700,16469200,60556300,47828300
2025-07-30,208.2239227294922,300.9599914550781,294.0054626464844,509.1729736328125,627.5070190429688,83.08381652832031,211.55072076453234,304.6499938964844,294.9670472888904,511.8615208479224,630.6917023127537,83.16989042021758,206.89917652304968,300.9599914550781,291.79769880383014,505.40309770511885,624.6189756546709,82.78732276353038,211.06265157316113,304.4200134277344,291.83695632333047,511.0876726596135,628.9509803708415,82.98816914149516,45512500,13459600,8061700,26380400,80418900,40670900
2025-07-31,206.74978637695312,302.9599914550781,290.6790771484375,529.2723999023438,625.1531982421875,83.13163757324219,209.01080544085684,304.6099853515625,295.33011989507037,551.0484742016899,632.8380075585872,83.60028644490274,206.3414028602417,302.8599853515625,289.9529777509294,527.6851029610986,623.857556644127,83.05512257825211,207.66614913739534,304.5899963378906,293.5246633224064,550.8301860551579,632.4523273568442,83.33248396243748,80698400,8981000,14749700,51617300,103385200,49814100
2025-08-01,201.58029174804688,309.1099853515625,283.93804931640625,519.956787109375,614.9066162109375,84.3134994506836,212.73603143542957,309.54998779296875,286.32242707449086,531.5541546097426,619.476041722763,84.41910792748479,200.7037642416869,307.45001220703125,278.9043429750852,516.7325410439772,612.5032535330552,84.02547500035925,210.03673342752194,308.6099853515625,284.9487133421405,530.7605061500977,619.4364414435403,84.06387874872023,104434500,12843400,12007100,28977600,140103600,63434500
2025-08-04,202.5464630126953,310.9100036621094,288.73626708984375,531.3954467773438,624.2530517578125,84.54389953613281,207.0585613783641,311.739990234375,288.79513839592664,533.9847498429226,624.3024917393647,84.63030978572368,200.88304868853191,310.3699951171875,284.81135364584816,523.9449485218581,618.7243458354196,84.15027400398364,203.70186769022786,310.79998779296875,284.81135364584816,524.0838536533402,618.813325728958,84.44789384473775,75109300,7639000,6649500,25349000,73218000,36425200
2025-08-05,202.11814880371094,311.1600036621094,285.9005126953125,523.5679931640625,621.0880737304688,84.80313110351562,204.52858421879685,312.239990234375,290.2375553774225,533.0423047576313,625.6772386500149,84.91833501434647,201.36115745633876,310.2200012207031,281.84803463230764,523.0620248277625,620.168272806011,84.27508876298945,202.59624780213056,310.3699951171875,289.15819815384634,532.9232605080902,624.8662177521945,84.34229348589592,44155100,6997700,7182300,19171600,68051400,28586100
2025-08-06,212.40733337402344,310.5,285.8808898925781,520.7802124023438,625.845458984375,84.3134994506836,214.52892145014,311.239990234375,287.784475314663,527.4866537198485,626.4981995520814,84.53431917256773,204.77759854868273,309.8399963378906,284.71322574362773,519.8774501718309,621.2463937026511,83.44943342447661,204.81744899810374,310.32000732421875,286.8130388717205,526.6930052823053,622.1562946160922,84.33269766248107,108483100,7418200,6330200,21355700,64357500,42589300
2025-08-07,219.16053771972656,313.1199951171875,281.5536804199219,516.7127075195312,625.3212280273438,84.16946411132812,219.97730473834642,313.1400146484375,287.95127882891904,523.9052559727172,629.9993730574174,84.72630732249583,215.7241736307253,310.70001220703125,281.03363056399576,513.4487398823029,622.2156245224251,84.09265663569865,218.01508808955717,311.7200012207031,287.44105083933385,522.6254396329194,629.2674923107387,84.40948197909724,90224800,10891500,8057100,16079100,74205800,29213100
2025-08-08,228.4437255859375,313.04998779296875,283.3394775390625,517.9031982421875,630.197265625,83.80465698242188,230.08719950298993,313.5299987792969,285.76311250140685,520.502431840537,630.6621463802445,83.90066268450217,218.38362983130105,311.0,279.3654851809607,515.2940341981842,626.794961476664,83.67024753455637,219.95738825778145,312.3500061035156,283.555348950698,518.4587582353118,627.1114619051468,83.87186170635464,113854000,19886800,6634100,15531000,64051600,21596300
2025-08-11,226.5391082763672,308.54998779296875,284.1244812011719,517.6354370117188,628.9509887695312,83.90067291259766,228.91239906441297,309.6600036621094,285.8514526951056,523.4093257403006,631.9478122276477,84.16949184109963,224.1259370249458,307.6300048828125,283.3591242790355,515.6016330725902,627.7047873460086,83.79506443000524,227.2770261826339,308.6199951171875,283.9674810703858,518.1612057268388,630.474150672182,84.04468514565698,61806100,10326700,5510100,20194400,58742300,20100900
2025-08-12,229.0021209716797,308.2699890136719,287.35272216796875,525.046142578125,635.6468505859375,83.47823333740234,230.14888579943394,309.30999755859375,289.21705000432985,526.7723446368122,635.8050706066525,83.49743887372034,226.429412881848,306.7099914550781,284.88982947960193,518.5579891899393,629.8114837326607,83.09421050823381,227.36674823663387,308.2200012207031,286.02805793473163,519.5996565820958,631.2950454377703,83.43023414613926,55626200,9697400,8570900,18667000,64730800,41052300
2025-08-13,232.6717529296875,309.2099914550781,285.0763244628906,516.454833984375,637.8228149414062,84.16946411132812,234.33703985510917,310.3900146484375,289.02085238501184,528.4787877679453,639.1085564704525,84.30387353129771,229.77992501054072,308.45001220703125,281.76958909820456,515.2544004746543,635.6370120856271,83.93904900920371,230.4181341091737,309.1000061035156,288.4321392210523,527.8934364066101,637.8425547169825,83.9486517748484,69878500,4718600,8420400,19619200,60092800,30817500
2025-08-14,232.12330627441406,307.25,288.63812255859375,518.3396606445312,637.882080078125,83.54541778564453,234.4567012802976,308.3399963378906,288.6773800754172,521.7821945996749,638.5447207235369,84.0158580892861,230.19875827485632,306.5199890136719,284.20298138831316,516.0182375574066,635.300697252298,83.4206111289362,233.39969406647393,307.92999267578125,285.1253084483277,518.4190436500928,635.7457174616427,84.0158580892861,51916300,5817700,6322400,20269100,59327500,33397400
2025-08-15,230.9366455078125,307.42999267578125,285.0370178222656,516.0480346679688,636.388671875,82.95018005371094,233.6190590405621,308.0,289.95298150728627,521.9310366989816,639.0096552004113,83.31500459114449,228.69299310222902,306.8699951171875,284.3796115875491,514.9667059909838,635.4787708739423,82.80616786204148,233.33985018068216,307.3399963378906,289.30536719380285,518.6274679925785,638.9107148606824,83.19980069762039,56038700,5990100,7340500,25213300,68592500,36343600
2025-08-18,230.23861694335938,306.95001220703125,286.0574951171875,513.0023193359375,636.2501831054688,82.71016693115234,232.4623214496413,307.8900146484375,286.4205448097455,518.6770238166106,636.9425240091701,83.08459425616151,229.46081868168693,306.6300048828125,282.9960675051489,509.9467697824549,635.1424618060598,82.55655196460256,231.04632935234682,307.7900085449219,284.5562169634104,517.4567900842618,635.8150025688236,83.04619051452406,37476200,6150100,5386900,23760600,43804900,26777500
2025-08-19,229.90956115722656,305.2699890136719,285.203857421875,505.7304382324219,632.7984008789062,83.19021606445312,232.2130419457167,307.4800109863281,286.9897003409671,511.0777107186651,637.0512656505922,83.28622177157091,228.70298322789472,305.19000244140625,284.0950645111781,504.5201046206217,631.4829592777961,82.99819732545161,230.62753117126795,306.760009765625,285.3706494849781,510.91900524319027,636.0721245937336,82.99819732545161,39402600,5029900,6031500,21481000,69750700,28780600
2025-08-20,225.3723907470703,308.3599853515625,286.7541809082031,501.7125244140625,631.1170043945312,83.37261199951172,229.81981519856654,308.4700012207031,287.82371628155875,506.9506829011106,632.6500060324975,83.49742599202497,225.13307755654054,307.3999938964844,281.87747451352897,500.44266872858867,626.013578858981,83.10379313065981,229.33119207499826,307.5400085449219,285.35103146886894,505.8296325155463,632.3929060531275,83.13259410592755,42263900,6515400,7374200,27723000,88890300,25912500
2025-08-21,224.26551818847656,307.2900085449219,285.9986572265625,501.0666198730469,628.5850830078125,82.95978546142578,225.88095827873425,308.1499938964844,287.27424223237057,504.43529989468334,630.9785456585483,83.2190015548735,223.14868274098328,307.0299987792969,284.0362003285711,499.55619671725805,626.864161086776,82.67176106891537,225.63166356522294,307.8599853515625,286.45983579537915,500.5200933584279,629.3071240874224,83.10379033291642,30621200,4809000,6624000,18443300,54805800,28643900
2025-08-22,227.11746215820312,310.5799865722656,290.6790771484375,504.037841796875,638.2381591796875,83.57423400878906,228.44371192910324,311.0199890136719,291.5818204071259,507.5158151187978,639.4151205943501,83.81425190390361,224.77410085849388,306.42999267578125,284.6837862966605,499.2481684011306,630.2664897119097,83.2574086292943,225.53195134940427,306.5199890136719,287.6961645212777,501.0765850227361,630.7709103705197,83.36301708912589,42477800,8526500,8552800,24324200,84083200,49871900
2025-08-25,226.5191650390625,309.8299865722656,289.3642578125,501.0865173339844,635.42919921875,83.3342056274414,228.65312729963858,310.8399963378906,291.76827944217837,504.9917771303553,638.2183023325629,83.57422349235367,225.59178073979155,309.6700134277344,288.61854456863614,500.9473838488724,635.3105191174199,83.19019344354126,225.84107546750252,309.6700134277344,290.67910031440016,503.44159720621536,636.9820009718095,83.26700091825653,30983100,4044400,5856300,21638600,51274300,27011900
2025-08-26,228.6630859375,312.0799865722656,292.9653625488281,498.8804626464844,638.0897827148438,83.28620910644531,228.84258604761433,312.2099914550781,293.13215460321874,501.8019624337255,638.4359833484747,83.32461284840565,224.05612439304167,310.30999755859375,287.99052751038425,495.37267961289456,634.5391586749303,82.77737234380923,226.22996704217394,310.6199951171875,288.63814183000835,501.18583887731603,635.1622594491828,83.05579397944808,54575100,11698500,6714700,30835700,51581600,30259300
2025-08-27,229.8397674560547,312.7099914550781,293.6620178222656,503.5509033203125,639.543701171875,83.19021606445312,230.24859923631865,312.9100036621094,295.41842494390727,504.09746017877256,640.2755819843173,83.19981883259469,227.6160475796746,310.7699890136719,291.46407591230917,496.75395340313815,637.3578984386413,82.56616798103859,227.96506627689797,311.3900146484375,291.6701254801894,498.8407434548062,637.5062787617181,82.67177645629795,31259500,4320100,6056500,17277900,48341100,38142800
2025-08-28,231.9039306640625,315.0299987792969,295.4184265136719,506.4326477050781,641.8085327148438,83.73745727539062,232.75153884501827,315.0799865722656,295.5852185641284,507.87350408410515,642.3623933153343,83.77586102347671,228.69301327644948,313.07000732421875,293.0929201153854,502.3186878124423,638.267809046051,83.19981945171749,230.16884905542523,313.32000732421875,294.38811877937053,503.89867767213724,640.146950913372,83.31502337120973,38074700,9610200,6410500,18015600,61519500,32205900
2025-08-29,231.485107421875,318.07000732421875,295.7618408203125,503.501220703125,637.9810180664062,83.14219665527344,232.7216147258446,318.0899963378906,297.26311888832026,506.39291066950057,640.7404816664739,83.39181731488263,230.71727541448905,314.6400146484375,294.1035626344117,501.3150539612025,636.0919759234915,82.9885890126588,231.85405874294378,314.7200012207031,296.37019756170366,505.4588240002719,640.374480883152,83.29581162265288,39418400,15642600,6796400,20961600,74522200,41686400
2025-09-02,229.0719451904297,325.5899963378906,294.07415771484375,501.9410705566406,633.2533569335938,82.52349090576172,230.19876225122124,325.9200134277344,294.8198709218748,502.81553721257154,633.4709169972102,82.72587159119384,226.32970313085187,320.239990234375,288.9717581566039,493.68337117589067,627.9619508913343,82.37893852517695,228.6032698757151,320.82000732421875,294.62364321253557,497.32034095368414,630.5136938017484,82.52349090576172,44075600,21247500,7221900,18128000,81983500,48760600
2025-09-03,237.79725646972656,328.1400146484375,293.88775634765625,502.1696472167969,636.6853637695312,83.42938232421875,238.17618932549604,329.45001220703125,294.92785615758544,504.5942937991858,637.1502445176759,83.66067345976234,233.69885053091846,326.7300109863281,290.81650636476985,499.1587173668126,633.4413400681225,82.7740513130014,236.5408165177042,327.760009765625,294.92785615758544,500.6194673133705,635.6270824559713,82.81260106102742,66427800,16062200,6316900,16345100,70820900,52499500
2025-09-04,239.1035614013672,326.69000244140625,298.1168212890625,504.7731628417969,642.00634765625,84.06543731689453,239.2232180033205,327.55999755859375,298.7153562428407,504.95202275876863,642.0360478647699,84.07506923888921,236.07214416452067,325.3500061035156,292.68080753910596,499.983489561643,636.4578416280056,83.43901681446638,237.77731160532718,327.0299987792969,294.36852159403367,501.1262461318779,637.3578424589464,83.86304931321087,47549400,11703100,6605800,15509500,65219200,40501600
2025-09-05,239.0137939453125,331.04998779296875,288.8540344238281,491.884765625,640.14697265625,85.34719848632812,240.63920029193574,331.44000244140625,299.42185399614533,508.74796779288187,645.0625384730564,85.39538751637492,237.81718240373485,328.92999267578125,288.7853412459479,489.27131242222254,636.2798483910566,84.94243710334419,239.32291694518142,329.5299987792969,297.9500113286781,505.86622472604114,644.3404973975818,85.0195366103736,54870400,16065200,9837700,31994800,85178900,69668000
2025-09-08,237.2089080810547,334.82000732421875,287.41162109375,495.06463623046875,641.719482421875,86.48438262939453,239.47249309970456,335.6700134277344,290.8949700189617,498.04575600626316,642.7184234803435,86.50366118070852,235.67324414176576,333.2300109863281,285.9692141135519,491.91457299081776,640.1369806181674,85.88687988569491,238.62490021245955,333.6600036621094,289.3544641521949,494.97517595073856,641.5117620821245,85.93506155875387,48999500,18617300,8188500,16771000,63133100,54538700
2025-09-09,233.68887329101562,334.05999755859375,292.2588806152344,495.2732849121094,643.2030639648438,85.9928970336914,238.1063683630383,338.30999755859375,293.3872872696363,499.08911442264,643.7272243154101,86.30128770692446,232.70166073618753,333.8500061035156,286.8228669749493,494.5677617531993,640.1271005117621,85.7615985143064,236.33139119913957,337.0299987792969,287.1074315912692,498.27426777402997,641.8579222981767,86.15672797046223,66313900,21641900,7848200,14410500,66133900,37126400
2025-09-10,226.1501922607422,335.260009765625,294.8984069824219,497.22100830078125,645.0625,86.48438262939453,231.76431424305812,336.5,295.8796354332035,500.06302518446205,647.3768223058731,86.80241255255834,225.31256565050364,326.19000244140625,289.8548783719408,493.59398497162135,643.4997982019892,85.95434011006788,231.53496736029473,335.7300109863281,291.1304933247864,499.81459851362206,646.4570213518696,86.15672078318674,83440800,11945700,7787300,21611800,78034500,40713600
2025-09-11,229.3810577392578,334.760009765625,299.8241271972656,497.8569641113281,650.4231567382812,87.06260681152344,229.7998710451417,335.1600036621094,299.9909491896388,500.00337405269875,651.1154976382888,87.19753460147155,226.010588238333,332.9700012207031,295.1436788264331,494.7466575341409,646.4274520986086,86.63857430244508,226.23995033725743,333.3699951171875,295.5852136096933,499.08915061774627,647.0109525903231,86.64821357728688,50208600,9082600,7942500,18881600,69934400,46694400
2025-09-12,233.40968322753906,335.4200134277344,301.1488037109375,506.6910095214844,650.20556640625,86.686767578125,233.84842918261825,336.3900146484375,301.7767742987404,509.32432605160386,651.8869485652141,86.7156854065223,228.373926506362,335.2300109863281,297.9990690164523,500.67909648146514,649.701206088218,86.24345646000705,228.57335925244223,335.8800048828125,299.27465392414524,503.4614629424367,650.3934866540098,86.57112567498933,55824200,9619700,6846700,23624900,72780100,32968600
2025-09-15,236.0322265625,338.9100036621094,303.1014404296875,512.1166381835938,653.6671142578125,86.88914489746094,237.5180285002954,339.2799987792969,304.13174819496044,512.2259313574772,653.7956944276398,87.17825697225616,234.3669397384463,336.2300109863281,301.40393449781925,503.80926524972944,652.114372883025,86.80240612819364,236.33138325533858,336.30999755859375,301.40393449781925,505.58800862213144,652.4110731340584,86.87950562251736,42699500,10569900,7122000,17143800,63772400,24820100
2025-09-16,237.4781494140625,339.5899963378906,303.3860168457031,505.83642578125,652.76708984375,87.07225799560547,240.53949594661788,340.8800048828125,305.06390905534744,513.9748550906477,654.5276118800496,87.21681772755502,235.65332541334,338.6199951171875,301.3646887009418,505.3991924428879,651.9857691498868,86.77350660815952,236.51088466190768,340.0899963378906,304.18080946841434,513.6270820344445,654.2209512044083,86.82168828373378,63421100,12161500,10525600,19711900,61169000,26794200
2025-09-17,238.3157958984375,336.9700012207031,305.8979187011719,506.81024169921875,651.9561767578125,86.85060119628906,239.42266510979977,341.239990234375,307.03614710830897,508.07226852063866,654.4683196962441,87.73722338489542,237.05934071942244,335.5199890136719,302.9738476236277,502.74598524416496,647.1296508296768,86.60967077421475,238.2958480596019,338.5299987792969,304.56346260331446,507.4064717390096,652.7770978636573,87.41919346313021,46508000,16535300,8657800,15816600,101952200,49121800
2025-09-18,237.2089080810547,335.6199951171875,307.3501892089844,505.2501220703125,655.00244140625,85.95435333251953,240.51953392817583,336.32000732421875,307.556238792954,509.84104161182444,657.6036246179045,86.22419427152128,235.98236714862816,333.80999755859375,303.7981171700278,504.4650853819943,653.0342590569163,85.67487311637797,239.2930082114909,336.2200012207031,305.9372178866198,508.270968235188,654.6365009878455,86.02181356726997,44249600,14913300,8050700,18913700,90459200,55717900
2025-09-19,244.8074188232422,339.17999267578125,308.8710632324219,514.6705322265625,658.2465209960938,85.79051208496094,245.60516498271895,339.2300109863281,309.8719053836384,516.0319056285313,659.0895125014193,85.99290013487499,239.53234916144805,336.30999755859375,303.31730709863126,507.09849160720086,654.9438659954435,85.56886018665718,240.5494606794321,336.510009765625,307.7132209495945,507.34691829589656,656.8877828567474,85.83870111639074,163741300,14982600,23568600,52474100,97945600,32509200
2025-09-22,255.35755920410156,345.04998779296875,306.5749816894531,511.21240234375,661.3607177734375,85.48210906982422,255.9160073848096,345.07000732421875,307.8113389670314,514.48167541423,661.8069717744121,85.68449709054383,247.42002368458668,341.8399963378906,303.74903930910966,509.3143886623668,656.7290467709187,85.32791742619598,247.5995237986898,342.75,303.9845245259009,512.3452424901319,656.7588293222589,85.59775831700502,105517400,12386400,7520200,20009300,69452200,24758200
2025-09-23,253.71221923828125,346.4599914550781,306.8693542480469,506.0252380371094,657.7605590820312,86.0796127319336,256.6140134777918,348.75,310.37234675445063,511.35152134239047,661.856628548307,86.118162478119,252.86462630601793,345.32000732421875,304.74989735202223,504.1173079645634,656.5406245808955,85.53029171586296,255.15814081026073,348.2300109863281,305.9666409066948,510.56645428814153,661.2416672722171,85.74231164357658,60275200,18384000,8584400,19799600,81708900,26689000
2025-09-24,251.59820556640625,343.32000732421875,307.53662109375,506.9394226074219,655.6677856445312,85.7519760131836,255.01853710208397,346.8299865722656,310.63727651453155,509.2547456727144,659.1489540239103,85.92544624547705,250.33178410429736,342.1400146484375,305.81947137817144,503.72976965544393,654.2495430702726,85.48212771091589,254.49999981420794,346.70001220703125,308.15476983779797,507.16798604562155,659.0497999269948,85.84834673054341,42303700,12709100,7310500,13533700,68082200,28098000
2025-09-25,256.14532470703125,344.75,307.5660400390625,503.8390808105469,652.6429443359375,85.7519760131836,256.4444966190252,345.8299865722656,309.72472445454315,506.8003375404676,653.9917550046746,85.8001576955563,250.99989343760635,342.4700012207031,305.94698929656073,501.8616142840625,649.0328388399253,85.25083651872943,252.49566170312627,344.3900146484375,308.2234462682717,505.10107733704126,652.5338627083877,85.62668746326284,55202100,12639600,7083200,15786500,89622100,29882500
2025-09-26,254.73931884765625,346.739990234375,310.1270446777344,508.2411804199219,656.3819580078125,85.67485809326172,256.87328100426123,348.25,311.8441943720275,510.70558375978015,656.9274266555326,86.2241791520814,253.06405044687503,345.30999755859375,307.8113600348933,503.4316440082871,652.4743298182361,85.47247742449792,253.38315498635407,345.8299865722656,308.9888161441515,506.849997214163,654.0909412604747,85.76158951446926,46076300,11698200,7258100,16213100,69179200,30955100
2025-09-29,253.71221923828125,352.4599914550781,309.7640075683594,511.3613586425781,658.2266845703125,86.37837982177734,254.28061851263055,352.8299865722656,312.0404647281687,513.5971983462931,659.8135740530697,86.48438980496087,252.29622703166862,351.2799987792969,307.7721150397051,505.6773863749633,656.4216318338509,86.02180747162694,253.84185736381545,351.7900085449219,311.10828573544467,508.28089264453985,658.9010899003678,86.0507179483836,40127700,15719600,6462400,17617800,73499000,32286200
2025-09-30,253.9116668701172,355.4700012207031,309.50885009765625,514.6903686523438,660.7061157226562,86.12782287597656,255.1980209495745,355.57000732421875,311.45169300349573,514.8990082310244,661.1722852976668,86.77351473956283,252.39595068950493,350.8699951171875,304.28870810842403,506.45253207823936,656.173659297658,85.97362385341705,254.1410137555297,351.1300048828125,310.31346452838187,510.0099885223437,657.4828203674869,86.40730308990511,37704300,13312400,11823300,19728200,86288000,38584000
2025-10-01,254.72933959960938,356.0299987792969,304.8774719238281,516.4392700195312,662.9574584960938,86.35023498535156,258.0599285933123,356.9700012207031,308.68464295873514,517.2342231556227,663.8698820443607,86.68871018050206,254.21080232618834,354.7900085449219,301.6394301376976,508.4697238165545,657.6117327913598,86.15681531797564,254.32049261064776,356.1700134277344,308.07628613361976,511.56013673304216,657.7208144097488,86.5049633410464,48713900,15573600,9235200,22632300,72545400,39408900
2025-10-02,256.40460205078125,354.7900085449219,301.7767639160156,512.4942626953125,663.7210693359375,86.6016845703125,257.45162766856953,358.6700134277344,304.7302708010082,518.3173691617891,665.0600128657511,86.73707466042075,253.43299812845933,351.3999938964844,300.3932583082978,507.4661094259624,661.3011766397112,86.25353651626088,255.85613542550084,358.260009765625,304.1807853263183,514.3823296081488,664.9410037342527,86.36958094880706,42630200,16162100,7600000,21222900,56896000,23208300
2025-10-03,257.2920837402344,357.6400146484375,304.210205078125,514.0940551757812,663.7112426757812,86.4372787475586,258.5086431914624,358.1400146484375,305.80961197949307,517.2143082734997,667.1527012490268,86.76608853272984,253.23357360959045,355.79998779296875,302.4243624063698,511.75886906280147,662.6698219114437,86.3308997621979,253.9515436206674,357.1199951171875,302.7187488597389,513.8456285403139,664.4848020775174,86.67904782734074,49155600,14464000,6029900,15112300,70494400,25884500
2025-10-06,255.9658660888672,364.3800048828125,304.8511047363281,525.2435302734375,666.0914916992188,85.75064849853516,258.339156849437,365.29998779296875,307.38512889871987,527.6880704621805,666.9841207809839,86.22452116882218,254.33049322602108,361.3699951171875,300.8578215934895,514.9387971845453,663.9591941673339,85.73131022013042,257.262186546101,362.1600036621094,305.8371035459471,515.3461902238155,666.1014192164715,85.7893324335508,44664100,17093700,7214500,21388600,54623300,28371000
2025-10-07,255.75643920898438,366.260009765625,303.38201904296875,520.6823120117188,663.6219482421875,86.24385833740234,256.67382669789566,367.2699890136719,305.66954382645594,526.4656911148447,667.4601442579947,86.43727063178547,254.70938317067183,364.54998779296875,300.4338918141804,518.1583193382712,662.1838505424819,85.88603747676686,256.0854948355218,366.510009765625,305.0187809092415,524.9651845969764,667.0138297258598,86.04077321483824,31955800,16836800,8454200,14615200,72020100,29103300
2025-10-08,257.33197021484375,372.29998779296875,299.7732238769531,521.546875,667.5791625976562,86.31155395507812,257.7906639625656,373.57000732421875,304.4567183318842,523.6336952116123,667.6783772359653,86.66937481810493,255.3874592951906,370.5,299.2999336047902,519.7980023635643,663.919480237528,86.19550215074902,255.7963062732735,371.6499938964844,303.8946917756213,519.9868090400763,664.7426772273783,86.65002916161367,36496900,28052300,6489900,13363400,60702200,22506200
2025-10-09,253.32330322265625,365.42999267578125,301.252197265625,519.1123657226562,665.6452026367188,86.24385833740234,257.27213808351553,373.2200012207031,303.72706376015515,521.0302122328587,668.4023890582872,86.3502373127749,252.42584836214985,362.8299865722656,299.14217558490407,514.1438325922749,663.7112737749407,86.07945714935607,257.08267167133846,373.1400146484375,300.7789070325195,519.0527457511332,667.9957845708525,86.23418550922136,38322000,33674800,7060300,18343600,66501900,21578700
2025-10-10,244.57806396484375,369.1199951171875,296.6772155761719,507.74432373046875,647.6542358398438,87.6364517211914,255.6567217403356,370.30999755859375,306.1230715472904,520.2849266906686,668.4122493878771,87.73315786976671,243.3116425485481,365.44000244140625,296.5983188157025,506.42270727517143,647.4757221413303,86.94015564631927,254.2207817432353,367.5400085449219,301.3804193716138,516.3697201998212,666.6071968358344,87.01752351646199,61999100,24192800,8597400,24133800,159422600,59389400
2025-10-13,246.96133422851562,378.0899963378906,303.6580810546875,510.81488037109375,657.5919189453125,87.5881118774414,248.98560621270488,378.8599853515625,305.1272097801061,513.1600134586593,659.664772492732,87.59778470762933,244.86725241658198,375.5799865722656,301.17337467050265,508.45980051307464,654.3488290056752,86.9014884982517,248.67648318296307,376.5,301.3212684867699,513.1600134586593,655.2216030747315,87.30765882765277,38142900,18514400,10788700,14284200,79560500,28035500
2025-10-14,247.07101440429688,380.7900085449219,297.85052490234375,510.3379211425781,656.78857421875,87.8685531616211,248.14796941642882,382.3800048828125,302.70165257420854,512.0371813139038,660.3590300864076,87.92657537856418,244.00966795095763,377.8999938964844,290.0907186231138,502.8155546768959,647.8030207789583,87.45271005771353,245.90431694508948,378.2099914550781,301.5578902761218,507.01894463812107,651.7701536094826,87.66546802411368,35478000,18409600,16178800,14684300,88779600,29800000
2025-10-15,248.63656616210938,387.3900146484375,301.4100036621094,510.19879150390625,659.7044067382812,87.67513275146484,251.1095806192417,387.760009765625,307.7499693151439,513.93513816427,664.7228272522149,88.29406093568832,246.77184661648403,384.5899963378906,301.1635039391426,506.7903850161382,653.5156893256119,87.4913859105152,248.78615211625979,385.92999267578125,302.1002149225357,511.71919177145384,661.3408732132422,87.96525118757876,33893600,20598300,11354800,14694700,81702600,31333900
2025-10-16,246.7519073486328,396.45001220703125,294.3600769042969,508.3902587890625,655.2117309570312,88.3327407836914,248.33741809379524,396.8699951171875,304.35808863852304,513.5972720757079,663.2154294168515,88.4874765246177,244.43846029169785,390.3999938964844,292.9106575300408,504.93217895922305,651.710706867285,87.472043514856,247.54965348458146,391.1499938964844,301.0747260223031,509.35418580491137,661.3409444600238,87.53973855695969,39777000,33621400,10549400,15559600,110563300,39631200
2025-10-17,251.5782470703125,388.989990234375,293.3938293457031,510.347900390625,658.9308471679688,88.1973648071289,252.66518358811555,397.2799987792969,295.3559575215809,512.2359067167633,660.2895852935891,88.28440551987414,246.57242016484557,385.2200012207031,290.08088749555986,504.1173400169688,652.7322022395391,87.90724631379543,247.3203043073955,397.1400146484375,294.97143359875633,505.8364635131052,654.0810128478913,88.24572157845486,49147000,62025000,10153500,19867800,96500900,40240400
2025-10-20,261.50018310546875,403.1499938964844,298.1265869140625,513.5376586914062,665.7840576171875,88.53584289550781,263.63416054313814,403.29998779296875,299.43798218705626,515.4356724346321,666.6866142382812,88.54550834670987,254.90884523128253,394.20001220703125,293.9854099500461,510.1988187679518,661.7872027532737,88.27472814891186,255.168106265739,397.45001220703125,294.32064593592156,511.3713853844849,661.8367798071084,88.44880218724015,90483000,34523000,6894900,14665600,60493400,28429300
2025-10-21,262.0286865234375,377.239990234375,292.93035888671875,514.4021606445312,665.7741088867188,88.97101593017578,264.5415968076956,388.8900146484375,299.7929016175946,515.4257076122852,667.4601523988813,89.15476278062282,261.0913359303388,375.6499938964844,292.841622611914,509.81124074780416,664.4748753427003,88.88398260830486,261.141213133835,386.5400085449219,297.43638030144115,514.2431942660954,665.9229005771253,88.9613431016769,46695900,54101400,7372700,15586200,56249000,24514300
2025-10-22,257.72088623046875,377.2799987792969,289.99212646484375,517.2639770507812,662.3128051757812,89.02903747558594,262.1084670888602,378.4700012207031,293.88683421544886,521.9244631183706,666.4783066993808,89.14508928208122,254.70938662410154,368.92999267578125,286.47213320670807,514.4518312300626,657.8497808005621,88.79694124080167,261.9090191460537,372.75,293.60088610479784,517.870184130928,666.4783066993808,88.96134243301526,45015300,30524100,8054100,18962700,80564000,30496200
2025-10-23,258.84765625,378.7900085449219,290.4161071777344,517.283935546875,666.2402954101562,88.41978454589844,259.8847307097371,382.25,292.2204718178062,520.6526156742948,667.1825015615415,88.76793259683829,257.2821086816683,378.6499938964844,288.4145307332595,515.3461954332505,662.3128121266341,88.28439445700033,259.2066564378435,381.4599914550781,290.25834375227123,519.1720024577996,662.6301900162397,88.59385857136837,32754900,13695500,5438800,14023500,65604500,28275100
2025-10-24,262.07855224609375,377.5199890136719,296.2334899902344,520.314697265625,671.6851806640625,88.45846557617188,263.3848541030092,380.7699890136719,298.36325106738366,522.0437370421222,672.8951271271609,88.58418283224498,258.44880663072195,376.80999755859375,291.31336547241364,517.4329845218087,670.0983517375236,88.15867430034804,260.4531458541269,378.510009765625,291.93451945757295,519.499850577073,670.9016937183009,88.57451000386821,38253700,13263800,7228300,15532400,74356500,28266000
2025-10-27,268.0516662597656,367.010009765625,299.89154052734375,528.1749877929688,679.6094970703125,88.75825500488281,268.36078929414754,371.5899963378906,300.2662249001909,531.2157277722118,679.9070199177999,88.7679278330583,263.90339825112477,365.3399963378906,296.7955198233114,525.6807743511338,676.5151383891614,88.09097004669057,264.13276036080543,371.1300048828125,297.92941246883,528.4333612309177,677.1201116013259,88.31340082549,44888200,23657600,5642200,18734700,63339800,30033600
2025-10-28,268.2411193847656,364.3800048828125,301.0845947265625,538.6585693359375,681.4144897460938,88.9903564453125,269.12862319727753,365.29998779296875,303.6580673748709,550.2352153811122,683.2492642554724,89.14509219235778,267.39351124836816,360.1199951171875,298.915415308335,537.366762825241,679.2028328185232,88.78727131097047,268.23113785786586,361.80999755859375,300.59159530101573,546.5386557673307,681.4045622297778,88.82595524773178,41534800,19257600,6336000,29986700,61738100,23564500
2025-10-29,268.93914794921875,363.0,301.2325134277344,538.1417846679688,681.7418823242188,88.09098052978516,270.6443152614699,370.0799865722656,303.93414060421026,542.8321112501552,684.0328991417463,88.86464455535776,266.35642794866993,361.3599853515625,298.7675163425421,533.3521116884923,677.2590027977353,88.02328548091307,268.5203194424725,369.6499938964844,299.2605157595805,541.5104645203966,683.0609104229828,88.85497172603118,51086700,18891800,7520300,36023000,85657100,39551600
2025-10-30,270.63433837890625,370.1300048828125,305.1075134277344,522.451171875,674.2440185546875,87.57843017578125,273.36662916750566,370.3599853515625,308.233113206998,531.6031704966998,680.3037996369978,87.9749350130371,267.72259312931254,364.5,300.8282816526182,518.8340654321457,674.2440185546875,87.37534503165271,271.2226702585742,365.0899963378906,301.50862332627236,527.1414377363435,678.2805836148408,87.41402897027818,69886500,14812800,7514600,41023100,76335800,42649200
2025-10-31,269.6072692871094,368.1199951171875,306.76397705078125,514.5512084960938,676.4556274414062,87.31732177734375,276.53767519933945,370.6600036621094,308.48947514882747,525.9887810857076,679.4508319897004,87.67514267173082,268.40069127196034,365.5,302.9481660712639,511.85824179468614,673.6587916341136,87.23028107191693,276.2085891024436,370.4700012207031,304.220113094536,525.5515477587454,679.4111219213156,87.57842913721063,86167100,11077900,7721300,34006400,87164100,38247300
2025-11-03,268.29095458984375,368.7799987792969,305.0187683105469,513.776123046875,677.7251586914062,87.09893035888672,270.08589475979994,370.8399963378906,307.9471862719047,521.6562086548496,680.1649066224819,87.17657771878741,265.49886601188945,367.5400085449219,301.9227172950412,511.3514766558802,674.3530715971103,86.78834832414375,269.65711516237894,368.9100036621094,306.6456604912348,516.5385956979154,680.0359699637585,86.98246672389548,50194600,7254300,7770000,22374700,57315000,40752300
2025-11-04,269.2781982421875,362.32000732421875,304.920166015625,511.0931701660156,669.6917114257812,87.29306030273438,270.72408938596277,365.739990234375,307.84858401169095,512.3054631947169,674.3729598389511,87.40952395312738,266.86501191822913,361.3900146484375,300.82827651560933,504.64399323613884,669.0371611161902,87.09894187731139,267.5730004152706,363.4800109863281,302.415720333495,508.53933673798264,670.5545580097922,87.13776556239598,49274800,11540100,7085200,20958700,78427000,26383800
2025-11-05,269.3779296875,366.510009765625,307.31610107421875,503.96826171875,672.012451171875,86.34188842773438,270.9335263776032,367.1000061035156,308.71623262048166,511.5900049686576,675.2654684624238,86.91452845965348,266.17696342424256,364.6499938964844,301.35082032546103,503.39189488693165,668.6304366940664,86.26424106665044,267.8522167164328,366.3900146484375,305.2750763211935,510.06960470137113,669.4337786331213,86.87570477911152,43683100,8357300,6865200,23024300,74402400,44643400
2025-11-06,269.0089416503906,366.07000732421875,309.03179931640625,493.9715576171875,664.8021850585938,87.11834716796875,272.6287059365568,368.17999267578125,310.4319009529449,502.51744045426454,671.8140994484131,87.20569489548218,267.1342708755924,364.70001220703125,305.9160390722913,492.6896676102462,663.2252231578799,86.89511285622343,267.1342708755924,367.1600036621094,306.63579903674446,502.47768369906356,670.9115428502156,86.92422876539459,51204000,6891100,7206100,27406500,85035300,33027400
2025-11-07,267.7126159667969,368.30999755859375,309.8106689453125,493.6933288574219,665.4567260742188,86.93392944335938,271.5218466038475,370.4200134277344,310.02758988101914,496.2372153715257,665.5658682287408,87.22510332103232,266.0173996929098,366.4200134277344,303.3326798145578,490.1457889557352,655.7769731606511,86.73011069093204,269.03885049148494,367.94000244140625,307.5231746391179,493.8225155697467,662.4218719882706,86.73011069093204,48227400,11060400,7302300,24019800,100592400,28530100
2025-11-10,268.93035888671875,378.3800048828125,312.4532165527344,502.8155517578125,675.8407592773438,86.91452026367188,273.22240319845355,378.6600036621094,315.0858168552232,503.66020845333964,676.57466917413,87.03098388945541,266.96401085683,374.7799987792969,309.810716541713,495.66085193460816,669.4834554774103,86.7592255561482,268.46122924118225,375.92999267578125,310.58966412464275,496.8930687697553,671.6752576501947,86.8562810459209,41312400,13456200,5794100,26101500,75842900,24093500
2025-11-11,274.73956298828125,379.8699951171875,311.2009582519531,505.4786682128906,677.3878784179688,87.31246948242188,275.3983427074405,380.3999938964844,314.58292715130625,506.39289163210333,677.9532020666294,87.41923276646048,269.2996575494418,376.8699951171875,310.86572224729366,499.18851875070465,673.1529450781785,87.1377665998915,269.3096487524697,379.9800109863281,313.05464094031504,501.6230817360039,674.3629519753922,87.30276170981995,46208300,10753200,5030200,17980000,58953400,18942300
2025-11-12,272.9628601074219,385.989990234375,315.9239196777344,507.9232177734375,677.7647705078125,87.46775817871094,275.2186787593472,387.4599914550781,317.7381540918137,508.4498810705414,679.3318048264125,87.66186918816707,271.19615348009904,379.44000244140625,311.78271214996033,495.9788447581273,675.3547447293747,87.23481608153116,274.49002155435767,380.07000732421875,311.8320301504691,506.1543908722183,679.1631581075335,87.30275567532684,48398000,16203700,10578300,26574900,62312500,23594900
2025-11-13,272.44384765625,382.8699951171875,305.1469421386719,500.12261962890625,666.5180053710938,86.7495346069336,276.1868935731559,388.17999267578125,316.14082355780937,510.2683558569415,675.265541055433,87.29305878379962,271.5854266195937,381.2099914550781,304.7722577523736,498.13520636364063,665.0105359672095,86.7495346069336,273.6016697208788,387.2900085449219,314.7604311532612,507.09842927280135,674.9085136071693,87.15717959079828,49602800,15867900,8973300,25273100,103457800,33825900
2025-11-14,271.9048156738281,375.9599914550781,299.3591003417969,506.96923828125,666.4088745117188,86.2545394897461,275.44821996704485,378.20001220703125,303.3327046462357,508.38031503091224,670.1082064558575,87.19598596145272,269.10002929321837,370.8900146484375,297.0124483237873,494.30942559248354,657.8200586834998,86.2545394897461,270.54732197227213,372.8699951171875,303.20451997960254,495.0944623167857,659.9127066954921,87.14746191510113,47431300,15198000,10327000,28505700,96846700,38550500
2025-11-17,266.9639892578125,371.6499938964844,296.1644592285156,504.296142578125,660.2002563476562,86.46806335449219,269.98836893107386,375.4599914550781,301.31137424610444,508.8970088955905,668.1742314199619,86.67188953684678,265.237217022597,368.5199890136719,293.5022804823602,501.7323929449627,656.7290154076413,86.36130748473246,268.3214829895084,374.0400085449219,299.74363974118836,505.2501227292945,664.1971714004484,86.45836298760689,45018300,13295200,8344000,19092800,90456100,25605800
2025-11-18,266.9440612792969,374.3500061035156,295.2178955078125,490.6824035644531,654.6561889648438,86.43894958496094,270.2079864201871,375.5400085449219,298.70833958092004,499.8145698875434,659.6547538697382,86.81747123894827,264.8279974843966,371.6199951171875,292.86134400280395,483.71651040889276,650.4708329116884,86.18660675220964,269.48932037088264,374.8299865722656,295.30663178632864,492.2524466910109,656.6595496130724,86.72041573367005,45677300,7818800,8077300,33815100,114467500,31967400
2025-11-19,268.06195068359375,374.9599914550781,299.02386474609375,484.0543518066406,657.185302734375,86.26424407958984,271.7051756343288,380.1700134277344,300.1873662746028,492.0735713081103,661.856623370592,86.68158940391764,265.00762791735707,373.0299987792969,295.0798692888629,479.79134202204426,653.3371790986623,86.23512816938143,265.0375710636542,377.7799987792969,295.5432899586994,487.0156083775533,655.3505280387882,86.60394944498191,40424500,10980400,5546600,23245300,94703000,25782400
2025-11-20,265.7562561035156,374.8500061035156,294.20233154296875,476.308837890625,647.1683349609375,86.60395050048828,274.91922505965954,377.69000244140625,305.5807663052954,491.38172816347884,670.0090710879778,86.78835373567581,265.42688147061517,371.8500061035156,293.9854105998292,473.39183555424523,646.5335791707308,86.37100840626151,270.327749378444,375.2900085449219,302.05087369332443,490.525525238351,667.3808213360044,86.37100840626151,45823600,10506500,7501600,26802500,165293500,32945000
2025-11-21,270.98651123046875,374.2699890136719,293.84735107421875,470.0268249511719,653.6148681640625,86.86599731445312,272.8230952896135,377.2300109863281,297.456110287291,476.796695003642,659.0894699034471,87.03099240369409,265.17732758833057,372.94000244140625,288.71030575970536,466.19388806310616,645.5020288545189,86.57482341179032,265.4568071090486,374.0299987792969,297.0715864028587,476.3785437287191,649.6675301260088,87.01158426578453,59030800,13194600,11766800,31769200,123956200,41938600
2025-11-24,275.4083251953125,380.20001220703125,293.8276672363281,471.89849853515625,663.2351684570312,87.36099243164062,276.4863089537433,380.2799987792969,295.6221924256846,474.7856351712577,664.5542570793402,87.4192242518587,270.397615191446,374.19000244140625,290.386540762355,465.94500021095376,656.1538823239337,87.13775811270442,270.397615191446,374.8800048828125,294.0642973394352,472.8940649877621,657.2448196444445,87.3027532065624,65585800,10085300,10940200,34421000,80437900,30865700
2025-11-25,276.4563903808594,380.0799865722656,298.75762939453125,474.8752136230469,669.4734497070312,87.584228515625,279.8600705608694,382.5199890136719,300.2366275598507,477.0256407210385,670.6536740212097,87.92392651056312,274.73957871594786,378.05999755859375,291.4217960873232,462.82888433135173,659.020017057554,87.47746523080718,274.75953066216096,380.260009765625,295.84892096661844,471.9681767111092,663.135941149376,87.65216811461262,46914200,10462800,8877200,28019800,81077100,36503300
2025-11-26,277.0352783203125,383.1199951171875,303.33270263671875,483.3475341796875,674.09521484375,87.97245025634766,279.01161742605893,383.7799987792969,304.21022597199055,486.14507360501653,676.0986363282427,87.97245025634766,276.1170014953278,380.4599914550781,298.95486530692773,479.06661039650686,671.1595147067713,87.18629105057774,276.44637611579356,381.05999755859375,300.7296512123902,484.1539406114854,672.0620713400136,87.4968731051291,33431400,9184100,7910900,25709100,71879600,34099000
2025-11-28,278.3328857421875,387.8800048828125,308.696533203125,489.82867431640625,677.7747192382812,87.55510711669922,278.4826014787427,388.0,309.3275869646093,490.44592067381114,678.0523870500939,87.86568917902038,275.4781737009374,384.989990234375,303.9243019705234,484.49242217644115,674.9084513312986,87.30275687704437,276.7458380127342,385.9800109863281,304.77227670123045,485.4382224868377,675.2654787466182,87.7977495842895,20135600,7175400,4322400,14386700,49212000,40704300
2025-12-01,282.57501220703125,389.75,304.59478759765625,484.5820007324219,674.6802978515625,86.46515655517578,282.89442609469603,390.70001220703125,309.6430970545817,487.68816317334665,677.3779187836101,86.67944562479141,275.62792768573877,388.05999755859375,304.2201032083801,482.5012705124726,673.1628406770591,86.40671678393645,277.4944549964911,390.6099853515625,308.5683618849884,486.27447583839387,673.232272756968,86.54308120436393,46587700,11177100,7727300,23964000,61201200,47086600
2025-12-02,285.6592712402344,387.239990234375,303.5693359375,487.82757568359375,675.9300537109375,86.50411987304688,286.86701880065203,388.9800109863281,306.1329390093465,491.312058367048,678.2012155152329,86.65022673412642,282.10587559562896,382.9100036621094,302.7903884074122,484.16389832530854,673.7481184984898,86.16320881806368,282.47518456741903,388.8699951171875,304.4172805196406,484.56211884124775,676.316803165018,86.28009579318805,53669500,8103900,7249000,19562700,62953800,27605700
2025-12-03,283.623046875,386.8800048828125,307.75982666015625,475.6119689941406,678.2706298828125,86.74762725830078,288.0847586222564,390.1300048828125,307.98658713845214,482.09308589504883,679.2822075879724,86.84503678479017,282.77461708045536,385.8299865722656,302.50443592551073,473.0931871020635,674.105128319461,86.43593609492389,285.6692634925469,388.4599914550781,302.89885953876745,474.2082166599713,674.9779023816353,86.61126283877987,43538700,7886800,8535300,34615100,57238500,23278600
2025-12-04,280.179443359375,387.1300048828125,311.67425537109375,478.70819091796875,678.7665405273438,86.28009033203125,284.20196835267484,388.0,314.0307770729326,479.1860737742951,679.7384687237238,86.62100136543624,278.07334059490756,385.3999938964844,308.61765279183703,474.377470578239,675.7416137771377,86.18268824124456,283.5731318378766,386.9200134277344,308.8740221323167,477.6329924690825,679.6690366334618,86.60152391980017,43989100,6754400,9627800,22318200,61970300,25541500
2025-12-05,278.26300048828125,386.44000244140625,310.62908935546875,481.01788330078125,680.0557861328125,85.8807373046875,280.6186397013617,391.739990234375,314.02092784192007,481.2568095233099,682.7336127271673,86.25087567593692,277.53434330937836,386.17999267578125,310.2741141188276,476.7568601661199,678.9549213715281,85.7638577611802,280.01974631085085,389.1199951171875,311.22069468967254,480.3807061976695,679.8375623637357,86.25087567593692,47265800,9449800,6518900,22608700,79241000,32808100
2025-12-08,277.3746643066406,385.4200134277344,310.79669189453125,488.8430480957031,678.0127563476562,85.5982666015625,279.15136205700173,387.239990234375,312.0390600856641,490.11737199051475,680.9980334759979,85.90995777186367,275.6378704438954,384.010009765625,308.96274846028484,482.2325023858298,675.9696853695019,85.28657543126133,277.6142094762677,387.0199890136719,310.64879808375287,482.74025101921535,680.9484564225444,85.90022276404129,38211800,6822100,7417200,21965900,55231500,32255200
2025-12-09,276.66595458984375,387.3999938964844,296.3025207519531,489.8385925292969,677.4276123046875,85.68592834472656,279.5106752769474,388.2099914550781,314.33641785317275,489.93815525049575,679.7583392727543,86.05605926408253,276.40645748061854,385.2699890136719,295.8193608594167,486.33420957194573,676.9813582671167,85.5592989378997,277.64414811825674,385.6199951171875,310.54034639506574,486.93155551686203,677.5367544682442,86.04631682556435,32193300,6358700,18049200,14696100,58310100,25771800
2025-12-10,278.26300048828125,389.04998779296875,305.7680969238281,476.43829345703125,681.92041015625,86.01708984375,279.2312028389952,389.760009765625,306.8329925602339,482.10306917330496,683.3088703732143,86.22163644793493,275.92734368017386,384.5,294.2812160390869,472.9737111601482,675.711837383319,85.57877675353981,277.23491184461454,385.95001220703125,296.2926621709551,481.88404333185355,676.9515664343469,85.71514115632976,33038300,9120500,18874100,35756200,85671300,46833500
2025-12-11,277.514404296875,393.239990234375,312.9363098144531,481.3265075683594,683.5072631835938,85.90022277832031,279.07150890817053,394.0899963378906,313.5476242674454,483.8751552220924,683.5866227950731,86.52360511902629,273.3022288840155,388.5,304.9102649889192,473.750231167373,676.5647802535024,85.87100289224092,278.5824273392719,389.0199890136719,304.9102649889192,474.51683677020293,679.5104080599091,86.38724069645333,33248000,11240600,9721900,24669200,86173700,26778700
2025-12-12,277.7639465332031,395.44000244140625,314.0603332519531,476.4084167480469,676.1581420898438,85.07227325439453,278.70220580092337,400.3900146484375,315.7858311866128,480.31105063829824,683.2196338188487,85.22812253119108,276.30666253778065,391.4700012207031,312.16723236849225,474.22812377070755,673.5893968987631,84.92617384652594,277.38464634485007,399.1600036621094,315.2040954937631,477.69270598810584,682.5154459360199,85.11123557359366,39532900,16792100,8982900,21248100,113160300,47030100
2025-12-15,273.6016540527344,395.79998779296875,315.53936767578125,472.7148742675781,675.1365356445312,85.1307373046875,279.63046152672615,398.7099914550781,318.35934027084556,478.588710310573,680.1252340287925,85.59827036504335,272.33402020742307,394.07000732421875,313.9322146909975,470.42505317808707,673.6687159286942,85.12099486513308,279.63046152672615,397.760009765625,315.11539535630396,477.97146396596463,680.1053789946951,85.44242848869274,50409100,11345000,10864100,23727700,90811000,28611800
2025-12-16,274.1007385253906,395.8900146484375,311.13189697265625,474.2779235839844,673.2918701171875,85.5982666015625,274.9891026980292,398.7099914550781,315.0463132571263,475.7712732838117,675.4837328267965,85.6372289267631,271.2859911871425,394.5899963378906,309.99800441565543,468.79234263095657,669.4338188610296,84.906702049685,272.3140798989353,397.75,314.6223410116007,469.8177748762136,673.6488975485244,84.92618692793715,37648600,9201600,8331300,20705600,122030600,41018700
2025-12-17,271.33587646484375,399.2900085449219,310.5699462890625,474.00909423828125,665.8832397460938,85.52035522460938,275.6478724530811,399.9800109863281,314.8984658400699,477.8718969329872,674.8489377460819,85.70541699282477,271.13626563598973,397.25,310.2544194174254,472.8940646732686,665.6848710067972,85.30606613701917,274.50001118897205,398.0799865722656,313.9716244610726,474.79560024235434,674.3034691132465,85.35476347336882,50138700,10456900,8718700,24527200,110625200,24668300
2025-12-18,271.68524169921875,398.57000732421875,308.6176452636719,481.8342590332031,670.9114990234375,85.929443359375,273.12257373871984,402.2099914550781,313.2518519730792,487.4293375934554,675.1464323222394,86.08528523016007,266.4549687260805,396.04998779296875,307.84856735129125,475.7712630284666,669.3544527925658,85.78333649649268,273.1025913325419,398.2799987792969,311.57564186364317,476.06992080908344,672.0322187932205,85.84177626912411,51630700,11837600,11444900,28573500,108650100,39048900
2025-12-19,273.1625061035156,399.0199890136719,312.7686767578125,483.7656555175781,676.9923095703125,85.60871887207031,274.09077415448866,400.6300048828125,314.099781180705,485.68709144559693,677.4896664833268,85.81406155578654,269.399477884542,397.1700134277344,308.8049723403709,480.35083955461556,672.8940327515619,85.47182374959283,271.6453053723066,397.9200134277344,309.39657764946713,485.1992432324443,673.0134542661981,85.66738607878219,144632000,9894800,24494400,70836100,103599500,37858100
2025-12-22,270.4674987792969,408.2300109863281,318.56634521484375,482.7701110839844,681.2098388671875,85.42292022705078,273.37210596231955,408.5199890136719,318.7043994886834,486.5632169440421,681.7370055876305,85.5207013811029,270.00836035897595,405.7200012207031,313.0644852104395,480.5499868948874,676.9922622536055,85.3153587195263,272.3539780142796,406.9800109863281,313.0644852104395,483.9647726311972,680.3245290528953,85.48158742743728,36571800,14202100,8354600,16963000,69556700,25547100
2025-12-23,271.85491943359375,413.6400146484375,321.3666076660156,484.6915283203125,684.3233032226562,85.55982208251953,271.99467443806464,413.760009765625,323.1907116116738,485.66716398872717,684.562024812114,85.63804999602027,269.06012395403746,407.1000061035156,318.56637445826755,482.59086732909867,680.2548972126992,85.10024241598323,270.3377490962612,410.29998779296875,319.07908304324746,482.8298239351052,680.3046207584179,85.1393563727336,29642000,13193300,6668300,14683600,64840000,33624100
2025-12-24,273.3022155761719,411.92999267578125,324.5612487792969,485.8563232421875,686.7305297851562,86.07807159423828,274.9192064044749,412.6300048828125,325.36974495293686,486.99128356758627,687.1781631452748,86.12696590673204,271.69521595033444,408.8299865722656,320.9426198260136,482.680463867149,684.164151137988,85.70650018404966,271.8349404799371,412.25,321.6722493328215,483.5267014178325,684.313382495532,85.81406170335617,17910600,6718400,4289300,5855900,39445600,25942000
2025-12-26,272.8929748535156,416.739990234375,323.3188781738281,485.5476989746094,686.660888671875,85.79450225830078,274.859322715931,418.45001220703125,326.2275566521161,485.9558848600665,688.0037280321676,86.21496798717799,272.35396775197984,414.75,321.96806459862194,483.8054577080926,685.6264081645946,85.65760713357098,273.65157518449314,416.4800109863281,324.502058709128,484.5521325365998,686.989161229118,86.14652042481308,21521800,10476200,4158300,8842200,41613300,26522700
2025-12-29,273.2523498535156,398.6000061035156,319.2171325683594,484.9404296875,684.2138671875,86.1171875,273.8512128461511,403.760009765625,323.1808371734579,486.1848877649252,685.5567672531378,86.1171875,271.8449608988494,395.3299865722656,319.0002116144308,482.0333622504328,682.4433081832867,85.84339724838158,272.1843267483383,403.6600036621094,322.4216288798564,482.71034015280554,683.9055083361335,85.99984562349574,23715200,20679200,8635300,10893400,62559500,29399800
2025-12-30,272.5735778808594,398.8900146484375,318.8917541503906,485.3187255859375,683.3782958984375,85.91183471679688,273.5717234473003,403.79998779296875,320.3904615362508,487.5089534635432,684.9200900521846,86.08784378076008,271.77507361210075,398.55999755859375,317.97475237184364,483.3474931520442,682.9505762759469,85.72604529921794,272.304089543875,403.6000061035156,320.2622768741799,483.77557941756965,683.8159723723246,85.79449285408008,22139600,10179000,7904300,13944500,47160700,25106800
2025-12-31,271.3558349609375,396.30999755859375,317.70855712890625,481.4758605957031,678.3152465820312,85.22736358642578,273.17246717497864,400.1300048828125,320.3313177342217,485.97584057107747,683.726492314561,85.96073348092025,271.24605357156486,395.5899963378906,317.5310845539587,481.15727202744546,678.1063955310838,85.19802252405755,272.553621806917,398.6000061035156,319.79886991908165,485.6771523949816,683.5076844111845,85.73583009744324,27293600,10194700,5048500,15601600,74144800,36500000
2026-01-02,270.5074157714844,398.2799987792969,320.9229431152344,470.84320068359375,679.55859375,85.1002426147461,277.32473598417806,401.82000732421875,321.169442848154,482.5112407273309,683.2390468658663,85.47182147463027,268.5011336129586,396.25,316.2492877176746,468.07552715971417,676.2263268834449,85.09046226047955,271.75509761912826,401.6199951171875,317.98465546632457,482.24244872265706,682.0852055985325,85.46204112036372,37838100,10372600,8054000,25571600,89377200,40731300
2026-01-05,266.7643737792969,408.760009765625,329.3630676269531,470.7536315917969,684.0845947265625,85.52071380615234,271.0064921177503,409.7200012207031,332.5281155423397,473.9593569778809,685.7855773037328,85.57938101506242,265.6464557026853,406.1499938964844,320.63697169770103,467.4184776979013,682.7517121374489,85.17847598713533,270.1381104139889,406.3900146484375,320.942628937084,471.95825856508776,682.910839643419,85.24692355093873,45647200,13410600,10752600,25250300,71927200,30178000
2026-01-06,261.8734436035156,413.17999267578125,331.41326904296875,476.3885192871094,688.1529541015625,85.3447036743164,267.0538212812338,413.4800109863281,332.6612412306879,476.617480129593,688.6602678554459,85.40337088250823,261.6338984265986,410.30999755859375,327.49110960074296,467.6673473241013,684.1442890432024,84.97313225539352,266.504853430471,410.6700134277344,329.44229029813283,471.69937935780575,684.2934596862484,85.21758890315921,52352100,11640900,7660800,23037700,69273800,39015200
2026-01-07,259.8471984863281,409.2300109863281,323.8660888671875,481.3265075683594,685.9347534179688,85.84339141845703,263.1909919246956,410.80999755859375,328.9767963949314,487.5288974221053,690.2916046822218,86.05851444732599,259.32817380451803,406.6499938964844,321.4989374679619,475.83099176167434,685.6761181181482,85.54026758335496,262.71190159101934,408.6300048828125,327.9764659913386,477.63296458601815,688.5309418430683,85.89227826851176,48309800,10589500,9815200,25564200,75588300,39930900
2026-01-08,258.55963134765625,411.489990234375,326.63934326171875,475.9902648925781,685.8651123046875,85.41314697265625,258.80916773471864,411.6400146484375,328.2339475379842,480.5201105081445,686.9692300361542,85.60871675723902,255.22581364132833,406.3999938964844,322.53888044956136,473.7502403609407,683.8557710289468,85.3153658104771,256.5433578451618,406.9700012207031,323.27183137637843,479.10639276886474,685.1787573638412,85.39359372431021,50419300,8705900,11737100,18162600,64019200,28204900
2026-01-09,258.8890075683594,414.4700012207031,326.0450744628906,477.15509033203125,690.4010009765625,85.98028564453125,259.7274461787287,415.2900085449219,328.7291759216584,477.6927047258898,691.6344363504869,86.04873320207848,255.74485516422806,411.79998779296875,325.0348299492433,470.106493184136,685.5368360184962,85.18824855573843,258.5995368285105,413.2200012207031,326.1936353875406,471.9582322108041,686.9791831428475,85.36425762660619,39997000,14011200,6738100,18491000,80125500,57348800
2026-01-12,259.76739501953125,422.2300109863281,321.38995361328125,475.06439208984375,691.4852294921875,85.72604370117188,260.8154357257053,425.739990234375,322.9053354478686,478.85749783991434,692.410366767912,85.96072742223065,256.32378048041085,421.5199890136719,318.1611187929736,473.57104241242143,686.979207477028,85.47181419369394,258.6794199598783,421.5199890136719,318.80490292970194,474.5566738594685,687.0289310253164,85.55981499392311,45263800,20904100,12805100,23519900,63976000,36103100
2026-01-13,260.5658874511719,421.6300048828125,307.9297790527344,468.5832824707031,690.1026000976562,85.87272644042969,261.3244878277737,426.1199951171875,323.7372950994605,473.6706125344443,692.4103433578374,85.96073470834234,257.9108470550362,420.07000732421875,307.60294504088824,463.88420753037366,687.6953490317495,85.59893620287824,258.24022168851656,424.5899963378906,321.20175473899405,472.57548334410274,691.813478661017,85.93139364555515,45730800,16681200,19371200,28545800,78309700,30451400
2026-01-14,259.4779052734375,425.94000244140625,304.9287414550781,457.34332275390625,686.7105712890625,86.37142181396484,261.33447181199796,426.8599853515625,308.78159262538577,466.1242261748137,688.0633674208381,86.46920297789582,256.23393227813756,422.8399963378906,303.19546018048277,455.1431293963808,682.4134005947378,85.94117574039902,259.0087756526009,426.0299987792969,305.2556057077196,464.3919198839424,687.347202661372,85.96073644931998,40019400,18305500,25951500,28184300,94676700,39233500
2026-01-15,257.73114013671875,423.3299865722656,306.30548095703125,454.6353759765625,688.5806884765625,86.35185241699219,260.5559089501236,425.05999755859375,309.95031666446005,462.19172164087615,691.7737417111902,86.69409764665347,256.5732877053955,422.7900085449219,304.8098971346673,453.8787357567712,687.5959315038539,86.35185241699219,260.1666175851947,423.0199890136719,305.5230197927318,462.062293141988,690.8983886882239,86.67453693970056,39388600,14253200,14751400,23225800,77862000,37988900
2026-01-16,255.05613708496094,421.2900085449219,309.48480224609375,457.8211669921875,688.0037231445312,85.85317993164062,258.41988279267105,424.79998779296875,314.17950872864606,461.1364202404358,690.5800586110835,86.36164648983325,254.45724364888233,417.0400085449219,307.0383983149945,454.45617795729186,686.4519720383781,85.76517165681928,257.4217372195352,422.79998779296875,307.38506061636195,455.8001683410004,689.9931507530615,86.17585704538544,72142800,20951600,14652500,34246700,79289200,46382400
2026-01-20,246.2425079345703,437.2300109863281,299.8477478027344,452.5048828125,673.9981689453125,84.72867584228516,254.31750190322293,438.1400146484375,308.1774060521912,454.77477325819245,681.1501633341576,85.1002472622371,242.9685916985444,434.1000061035156,298.9761500928895,447.2881239806389,672.9934983300664,84.62111432015237,252.26132447540706,436.69000244140625,303.2845981841295,449.2195254560932,677.8874730475171,84.7091151326838,80267500,21308100,12900600,26130000,111623300,66009500
2026-01-21,247.1907501220703,443.6000061035156,299.15447998046875,442.1410217285156,681.77685546875,85.37403106689453,251.09350304772093,448.0,302.4823658305288,450.6829992738946,685.0991655259935,85.54026724505131,244.72532928784554,437.1099853515625,298.2729680555718,436.7351029497524,674.5452667925615,84.69933584110264,248.23880604127606,446.8699951171875,300.53118494697816,450.5934019351739,676.0572511802958,84.87534491309711,54641700,38830200,10270100,37980500,127844500,51220100
2026-01-22,247.8894500732422,451.7900085449219,300.729248046875,449.1398620605469,685.3379516601562,85.74561309814453,250.53452965267718,452.9800109863281,305.2555953909441,450.8323067932568,687.476610793547,85.8140606586677,247.68980878155546,443.55999755859375,300.0062112868251,442.7284117030413,683.2888434897402,85.20780550815915,248.737864640942,443.8399963378906,301.9474777854751,445.6354487179439,686.2033478813381,85.33492027478088,39708300,19251200,10535800,25349400,77112200,42419300
2026-01-23,247.58001708984375,458.0,294.8757019042969,463.8841857910156,685.5865478515625,85.98028564453125,248.94748685874615,458.75,299.4812715954647,469.01134678020316,687.3074439470811,86.0780668038524,244.22624741136653,453.45001220703125,293.6772702297321,448.5325382185013,683.5274830754288,85.55981994524849,246.86136630134166,454.1099853515625,299.11481126550876,449.8665935761158,684.5123006998919,85.8825044852101,41689000,21531900,11107900,38000200,63059600,35968800
2026-01-26,254.9363555908203,464.70001220703125,298.16400146484375,468.19500732421875,689.068115234375,86.3909683227539,256.08421686766076,469.2799987792969,298.8969221500132,472.1474075016215,690.4607389282814,86.52786343362214,249.336758511775,460.3599853515625,294.60830241167326,459.9517180089597,686.2729717064406,86.24429285818822,251.01363570547153,466.7799987792969,294.96484861763906,463.2470406576191,686.8399658941375,86.43986263101715,55969200,34156000,11752700,29291200,60473800,38882400
2026-01-27,257.791015625,476.1000061035156,297.44097900390625,478.4493103027344,691.8134765625,85.85317993164062,261.46421404872183,476.489990234375,299.08512378237486,480.72916597612596,692.8480177488461,86.29319892507222,257.73112933459527,463.95001220703125,295.3016109870806,471.0622242712429,689.9036431059924,85.73583805195385,258.68937090303496,465.07000732421875,298.45122352878457,471.5998386603028,690.5104039402848,86.15630379555017,49648300,28386200,11527400,29213900,55506100,35180100
2026-01-28,255.96446228027344,494.55999755859375,297.89654541015625,479.49468994140625,691.7438354492188,85.65760040283203,258.3799575946877,495.8800048828125,299.03558292254246,481.59532063648624,694.1510864943795,85.75538156135212,254.03803333601454,481.25,295.2025300603667,475.8807787479093,690.271678492269,85.3544765733525,257.17220993748055,483.3900146484375,297.4013222225187,481.06767161592717,693.3652237572153,85.5695995982312,41288000,44154600,9556700,36875400,61172200,38750300
2026-01-29,257.801025390625,495.8999938964844,303.49261474609375,431.57806396484375,690.3711547851562,85.67716979980469,259.16847988830324,509.70001220703125,303.898671192008,440.5381621786467,693.375209936545,85.79450421783883,253.93820707645818,468.510009765625,299.3327275624257,419.1533835040837,681.2098793986574,85.14914253797615,257.52154586161765,509.510009765625,299.51100066931883,438.0392806211351,692.7087686795362,85.21759010190439,67253000,69970900,11580000,128855300,97486200,43855000
2026-01-30,258.9988098144531,444.95001220703125,302.9676818847656,428.38232421875,688.3121337890625,85.1980209350586,261.41430490835,470.05999755859375,304.98817089860455,437.65104604221966,690.540343876794,85.61848663180244,251.7123292610244,430.79998779296875,299.66947824936375,424.5593524472701,683.4877957603626,85.1980209350586,254.69678984095313,466.25,302.333781642444,437.2229597325442,688.1330925763239,85.44247756199748,92443400,86593500,11953200,58566800,101835100,45832200
2026-02-02,269.5093078613281,427.1300048828125,305.1961975097656,421.49298095703125,691.73388671875,84.95460510253906,269.98839826257677,440.7799987792969,306.34508884518107,428.8303011436502,693.2458711004026,85.45519875251041,258.7293169184304,422.54998779296875,298.49085539325506,420.37795134689077,685.7755608588325,84.95460510253906,259.5478036352127,434.010009765625,301.5513314360023,428.33251789753194,685.9347490634862,85.41593518390796,73913400,41626200,9839400,42219900,79286500,38171400
2026-02-03,268.98028564453125,454.2900085449219,311.8420715332031,409.3868713378906,685.885009765625,85.16073608398438,271.3758289780004,459.0,313.22869052113475,420.178808008447,693.2757257351432,85.18036412456544,267.11372779647115,448.30999755859375,306.14700443281885,406.7486263222299,680.4140840721383,84.8368172486949,268.70080609664296,452.6300048828125,306.77099053389486,420.1390072256922,692.529690413304,84.89570885919835,64394700,28703500,12688000,61424100,107904600,27438200
2026-02-04,275.97723388671875,453.9700012207031,314.2389221191406,412.3536682128906,682.5626831054688,84.94478607177734,278.432693698261,463.1000061035156,316.25944126204155,417.9387813848693,687.7948875474046,85.18035999111999,271.7850411492978,445.7099914550781,311.4062598905275,407.4256021580933,678.1561081391175,84.86625893574316,271.7850411492978,462.4700012207031,311.4062598905275,409.1778088233149,686.7006659106327,85.03312348324587,90545700,24427900,9848800,45012400,105204600,37872900
2026-02-05,275.3983459472656,441.8800048828125,307.1968688964844,391.9246520996094,674.0379638671875,85.86746215820312,278.98168486317746,450.8999938964844,312.9909865673853,406.4897635323938,680.0758839506523,85.86746215820312,272.72332314901723,440.3500061035156,302.6210112179966,390.5806313349955,672.2176206040476,85.15091513921071,277.6142303156022,444.2900085449219,311.99062599899656,405.6335909812077,677.3404209861714,85.32759745288281,52977400,17718100,9388000,66289200,113610800,50268900
2026-02-06,277.6042175292969,455.4599914550781,319.3199462890625,399.3615417480469,686.96923828125,85.92635345458984,280.3890519626743,456.92999267578125,321.15227836348157,400.0086538663787,688.6503070282812,85.92635345458984,276.4164219647768,450.0299987792969,311.7034102684662,391.17798428483076,677.2508650473027,85.59261686830514,276.6060720438839,450.7300109863281,311.7034102684662,397.4002746193236,677.8576866055596,85.83800855369451,50453400,12663900,17797400,53515300,89127600,33461800
2026-02-09,274.3672180175781,467.0299987792969,319.0228271484375,411.76629638671875,690.2816162109375,85.9067153930664,277.9439398399519,467.55999755859375,323.2817350541263,413.05058563481117,692.1914496038428,85.96561448817994,271.4499228389202,460.8500061035156,317.05181803840316,399.0927243377603,684.7012866666231,85.42574980073746,277.6541982366954,461.3900146484375,318.27007812796035,403.0550898097971,685.7755337993461,85.59261434457979,44623400,12330900,11477500,45480500,73885200,24708900
2026-02-10,273.4280700683594,462.3999938964844,315.2392883300781,411.437744140625,688.4613037109375,86.89810180664062,275.11651686144285,466.75,323.01429884581904,421.80159473973595,692.8579216647231,86.89810180664062,272.68876099546605,459.5199890136719,312.1094739861534,410.8702943432265,688.0037135108784,86.59381851535034,274.6369782150198,465.9599914550781,319.4684837021083,417.75959730190846,691.276360737094,86.61344655498588,34376900,7861600,9902200,44857900,65185700,37253700
2026-02-11,275.24639892578125,467.6300048828125,307.8505859375,402.57720947265625,688.3021850585938,86.43675994873047,279.92208361183503,468.6099853515625,322.1724337503843,414.61360447479314,693.4547952732178,86.8490236481931,274.1973776592452,462.82000732421875,305.78055639607567,399.23212070980424,685.5368515439336,86.3189767392493,274.44714753122867,466.0,320.15191444315514,414.3348470778888,692.7087599208829,86.41713191007011,51931300,11209600,8703500,42491000,76353900,37014000
2026-02-12,261.4891052246094,451.3900146484375,299.74871826171875,400.05841064453125,677.668701171875,87.58519744873047,275.46621856633783,466.3800048828125,310.62380057979817,404.3990960787573,691.6742279947084,87.63427128908106,259.94051360693726,448.05999755859375,297.15372325834437,396.24540458526855,676.7734344520502,86.72141398445483,275.3363333447182,464.8999938964844,309.29660600764385,403.20440420967,690.5701102294341,86.7312317480287,81077200,20488800,13443400,40802400,118829000,48454900
2026-02-13,255.5445556640625,462.6199951171875,299.6595458984375,399.5407409667969,678.1461181640625,88.066162109375,261.9886306947134,463.8399963378906,301.38294318623025,403.7420326637702,682.6522007204912,88.15449951434705,255.21485759663088,456.25,293.6871553220786,396.2852191820681,673.9384983110481,87.86984428372713,261.7688319830923,459.7300109863281,295.6680481198895,402.65686886295305,678.0864377658819,87.97781721564363,56290700,12359300,9114500,34091600,96267500,56785200
2026-02-17,263.6371154785156,448.20001220703125,304.19580078125,395.1004943847656,679.2402954101562,88.2134017944336,266.0449008431299,451.3699951171875,305.29518175186814,398.7442713079252,681.31927396984,88.45879346879234,255.30478047881587,445.5299987792969,299.61002921690664,392.78083787972264,672.2077222570326,88.10542885861499,257.8124646511843,450.260009765625,299.8675549474044,397.45004705087115,676.5446598627462,88.27229339987662,58469100,10976100,8896800,32078800,81354700,32356700
2026-02-18,264.106689453125,458.2799987792969,305.8300476074219,397.828369140625,682.662109375,87.87966918945312,266.57441720150126,460.510009765625,309.2966101142475,400.77523739702553,685.507036973797,88.2035880115285,262.20844437502524,455.32000732421875,304.2849535938903,394.5629123207548,679.2204384959671,87.82077758135212,263.35737977838915,455.80999755859375,305.51309749540866,396.3648852083561,680.4041503420104,88.03672346273571,34203300,10226300,7209600,23223400,73570300,35415400
2026-02-19,260.3401184082031,459.55999755859375,305.1070251464844,397.5988464355469,680.8616943359375,87.96800994873047,264.2365527856389,461.510009765625,306.226234501648,403.55594539020564,682.5527199680946,88.06616512053087,259.81060750150084,456.0299987792969,302.2050242231491,395.8127368785549,677.9471901363287,87.72261827484971,262.35827847824623,457.3399963378906,304.2354576365961,399.82403795970674,680.2251236342836,87.75206407751386,30845300,8411400,6737700,28234000,58649400,28658600
2026-02-20,264.3364562988281,468.6199951171875,307.82086181640625,396.37152099609375,685.7855834960938,87.76188659667969,264.5063132392292,468.6199951171875,308.0288471084009,399.2552593187824,686.4122580979458,88.08579793229607,257.9223826043077,458.3399963378906,302.75966472033866,394.3059873534157,678.126274472082,87.29073126224496,258.73163460792017,463.25,305.4536802835111,395.2539159508346,678.7131823752115,88.04653436369652,42070500,14316300,7792700,34015200,100034000,49610800
2026-02-23,265.9349670410156,481.2799987792969,294.82623291015625,383.6390686035156,678.7827758789062,88.0857925415039,269.1819753311392,481.4599914550781,308.028871901531,394.50551684604494,686.3525334522094,88.3410019774024,263.13755670993424,474.6099853515625,292.2807780649544,382.27203437696886,676.7734345413753,87.87966443554112,263.24744081710827,474.6499938964844,305.84987743753925,394.14630950985264,684.1940214696967,87.8992999630192,37308200,17441600,12955400,43238300,90558100,33614600
2026-02-24,271.8895263671875,474.6099853515625,294.459716796875,388.1593017578125,683.7164916992188,88.24284362792969,274.6369951599546,475.44000244140625,296.886322684036,388.5185091169527,684.7112054782021,88.39008012367405,267.46358073991865,469.54998779296875,288.5962907533433,380.88504821898124,676.4053697086953,88.10542489557075,267.61343657617186,470.0899963378906,293.98432184665864,383.30981969967445,678.295350173768,88.29191746733831,47014600,14147100,13554100,33884700,73798700,24933900
2026-02-25,273.97760009765625,473.4200134277344,300.4023742675781,399.7342224121094,689.4859008789062,88.2526626586914,274.6869380517792,479.5299987792969,300.75895068108485,400.60233728073825,690.0130676270821,88.41952719484367,270.8005039088116,472.8999938964844,294.1724883145502,389.31678308531696,686.4519751919497,88.0563448319599,271.5298429675081,475.739990234375,295.78692074637365,389.68597856263057,686.53156929616,88.0563448319599,33714300,12954300,8095500,43625500,56369500,23625800
2026-02-26,272.6987609863281,477.4800109863281,303.20538330078125,400.851806640625,685.6561889648438,88.60601806640625,275.8558253670768,477.8299865722656,306.05787397622345,406.6093255926281,689.6350440416309,88.65509939433569,270.55071567552415,442.0400085449219,300.73918125790124,397.8782360341113,680.7323436648176,88.39007969429066,274.6969199809464,474.95001220703125,301.67017313360896,403.8353349281015,689.615191050754,88.39988996886918,32345100,12375000,7007800,34405900,71671000,29447100
2026-02-27,263.93682861328125,483.75,297.4310607910156,391.8912048339844,682.3637084960938,89.14588928222656,272.5588900215503,483.8999938964844,300.0557680991628,395.9624042352165,683.2291046432514,89.18515284970917,262.6480379442022,479.1099853515625,291.636973162459,389.0374004516944,678.0367277603054,88.88086956266866,272.5588900215503,480.75,297.13393894248406,390.03523926255787,679.4790749097389,89.0182883044779,72366500,16795100,18620800,51367200,83308900,51272000
2026-03-02,264.476318359375,490.0,294.7172546386719,397.6886291503906,682.7516479492188,88.25067901611328,266.2846497598317,492.1499938964844,297.11414843979566,400.32293811697235,684.9797970984218,88.62491197459984,259.960490133898,483.2799987792969,290.4088063693875,389.78576315389057,674.4358553343317,88.00447134282062,262.16844722421786,490.1000061035156,291.9935267958635,392.01092411942045,675.1122534180175,88.6150690775047,41827900,19916600,8508900,35474900,87477200,55465500
2026-03-03,263.5072326660156,468.1400146484375,297.3914489746094,403.0570068359375,676.7337036132812,88.07341003417969,265.31556422164516,473.20001220703125,299.5011046657454,405.82103971635513,679.0016196644848,88.30976729897864,259.8905695547566,458.92999267578125,286.73423592223537,391.82136299902305,666.1200629162043,87.59084509373041,263.23749216234586,472.8299865722656,289.4975898716125,392.2903484387299,671.4915420947397,87.6302392234739,38568900,22591500,10278200,38199200,105003100,51850400
2026-03-04,262.2783508300781,471.79998779296875,296.52978515625,404.32427978515625,681.50830078125,87.79765319824219,265.9050144519466,476.4200134277344,298.12438947518206,410.14166638677375,683.4579617719511,88.08325498593538,261.179387723623,469.3900146484375,292.99388398032096,399.44483360720756,676.027417786932,87.74840866069934,264.4063951364299,474.82000732421875,297.12402886142485,400.4027502952161,678.026802327329,87.9158280664866,39803100,9985900,8055700,35808000,79182200,47069500
2026-03-05,260.0504150390625,466.1300048828125,290.74554443359375,409.79241943359375,677.7084350585938,87.443115234375,261.3192350446657,470.6700134277344,298.3620800816865,410.72040218284053,681.9061587313661,87.59084133616027,257.01320478174756,463.9100036621094,289.63624924146006,403.525993165685,672.0385544367263,87.16736385166205,260.54995479568396,470.45001220703125,295.1332451958745,403.54596943015656,678.4743840881955,87.28553872216094,49658600,11674800,12732500,39001300,106606500,45768900
2026-03-06,257.2229919433594,473.510009765625,286.7144470214844,408.0761413574219,668.8256225585938,87.11811828613281,258.53178361058343,475.4599914550781,287.21955415339994,412.1572983375802,672.5358853430707,87.59084030354036,254.13584003818684,467.07000732421875,280.99955170429564,407.6271321747383,666.2194774432897,86.68479039631436,258.39192833924307,469.0400085449219,283.6044306839189,408.31564337314285,669.8501461298736,86.98024259640177,41120000,10489800,13496500,31123900,100687000,58136900
2026-03-09,259.6407775878906,472.5299987792969,287.1502685546875,408.5251770019531,674.6845092773438,87.8764419555664,260.9095975388004,472.67999267578125,288.31898819476027,409.3234358422322,676.3257505242918,87.96507310725676,253.44647267699952,464.7900085449219,277.77073879547015,402.62794618065146,658.888450195908,86.87191048777309,255.45463216869055,468.0899963378906,282.7724816341387,404.044890641513,662.8673051642795,86.96054915312499,38218500,8829800,12241100,30131900,102667700,52478700
2026-03-10,260.58990478515625,477.8599853515625,285.97161865234375,404.8830871582031,673.6002807617188,86.94084930419922,262.2384104290217,481.30999755859375,289.9532025593205,409.31349393117443,679.7476047325034,87.60068404191813,256.71350175461305,474.2099914550781,284.43640849634494,402.05918625996463,671.1930903760745,86.9309988937919,257.4128391437035,479.739990234375,286.52626625452876,409.1438479339772,674.1374043547928,87.45296545411661,30590800,9616800,8344900,31706400,81505300,48651500
2026-03-11,260.5699157714844,476.239990234375,284.7731628417969,404.0049743652344,672.7548217773438,85.81814575195312,261.888707997661,477.45001220703125,287.7049062038017,408.1260534422115,676.4849986405864,86.4779805111776,259.3110658747261,473.1300048828125,282.1385715612803,400.7220762180728,669.7806371390539,85.75905831490671,260.8496568052655,476.1300048828125,286.05084727233185,404.6934855668013,673.9982140650914,86.4188930741312,26218900,7522900,10205000,25512100,68441700,54679900
2026-03-12,255.52456665039062,466.8800048828125,280.18743896484375,400.9914855957031,662.5390625,85.65072631835938,258.71164792954545,475.0199890136719,281.16797137675815,405.2422886286942,668.0995392824933,85.9264777093956,253.94601921584928,466.6000061035156,276.43363807803536,400.84181586601125,662.3500644519811,85.46360608287256,258.4219063383753,475.0199890136719,280.1279843639117,403.7555185610488,667.6120785283837,85.59163888132643,40794000,11900600,13760500,27263900,108882200,48977000
2026-03-13,249.8897705078125,460.8399963378906,280.7321472167969,394.69512939453125,658.7890014648438,85.22725677490234,256.0940459350445,470.1000061035156,284.4463214441296,403.9251383935716,668.7859240392634,85.82800415300818,249.29033192864068,460.2200012207031,280.2468381234208,393.3979511212616,657.863924887251,85.15831892070966,255.24483747003174,469.30999755859375,281.9504072447318,400.13336309353434,665.7321452917186,85.61134017878474,36930000,11741600,9091200,26848000,97200200,43460000
2026-03-16,252.58729553222656,460.42999267578125,283.4261474609375,399.08563232421875,665.493408203125,85.8870849609375,253.6563027081548,462.79998779296875,286.506421278288,399.7641553863696,668.5173163233716,86.01511024778772,249.6499992581203,456.9100036621094,281.89093739443587,393.9367805641587,663.5934708305671,85.64087728445952,251.87794235419486,461.2699890136719,283.6044205599556,397.209690545171,664.8468199428278,85.85754124194607,32074200,8964100,8149000,27733700,82023100,37341500
2026-03-17,253.99598693847656,459.2699890136719,284.1492004394531,398.5467834472656,667.2440185546875,86.12344360351562,254.89516767044782,462.2099914550781,288.97266988082987,403.5259891234105,670.8747480492216,86.24162599503293,251.94787083452104,456.8699951171875,283.2181783456238,396.8903674487218,666.1598145596139,85.99541831461846,252.72716690012706,460.510009765625,286.23902796907333,399.4049101655112,668.8355969918504,86.03481244512423,32361600,7610100,8961200,26228300,87128000,19578100
2026-03-18,249.70994567871094,444.739990234375,284.99102783203125,390.9432678222656,657.9335327148438,85.640869140625,254.70534343896443,450.05999755859375,286.6450865635814,397.13983817793417,666.1796881508768,86.15298526665133,248.7708084606242,444.3900146484375,282.3960631878955,390.1549666521916,657.6948111200146,85.61132542444297,252.3974721128864,446.6600036621094,284.08971801136914,396.271723303423,664.8268919718373,86.03480288826188,35757900,18375600,10057000,25908500,82062600,37596600
2026-03-19,248.73085021972656,426.4100036621094,285.2188720703125,388.1792297363281,656.3121337890625,86.16283416748047,251.5982036354298,428.2699890136719,286.7441681021885,391.6417315076428,659.4753162945015,86.39919894073124,247.0723745163624,416.79998779296875,281.900870340191,386.2234742615233,651.7066041735543,85.65072551942744,249.17043241392184,420.3599853515625,284.13928904174674,389.2569126674818,653.497076818377,85.73935667415012,34864100,30206000,9846700,25138800,111272500,60307400
2026-03-20,247.76173400878906,413.3800048828125,283.82232666015625,381.0447082519531,646.9034423828125,84.52801513671875,248.97061168291066,428.5899963378906,287.9326733008621,386.16362631018524,655.0025723674255,85.54238948775956,245.77356028907465,411.2300109863281,282.5446423017302,379.29849030352204,643.063298812559,84.45907729287116,247.7517334570195,428.0899963378906,285.3277943529036,385.95408868282834,654.8230422006715,85.49314495058495,88331100,27204900,22436500,50853200,163617500,78948500
2026-03-23,251.25851440429688,404.0400085449219,287.14031982421875,382.1722717285156,653.6959228515625,85.07952117919922,254.3656523266213,414.5400085449219,292.9245231806114,386.3731646745857,660.9173090129275,85.40451710433817,250.0496214753341,399.6400146484375,285.2188513876401,380.85511716508233,652.2596206790361,84.63635038212738,253.73622734962268,405.1199951171875,291.4982779446762,383.07032058481127,656.3790129905765,84.8727076396549,40546100,36796800,11470800,29680100,134802700,69686700
2026-03-24,251.4083709716797,404.1300048828125,289.6065368652344,371.9344177246094,651.5015869140625,84.70528411865234,254.5954370944537,407.2900085449219,292.6571288676103,381.6434000325674,655.3417305137531,84.98103549133167,249.32029842391177,399.20001220703125,282.64369950840546,371.04635704379217,648.2100787416998,84.26210582942224,250.1195650925759,400.239990234375,283.4360748065673,381.53362193174286,649.6463809650626,84.41968233590264,45152300,17478500,11092300,42733600,96457500,51799400
2026-03-25,252.38746643066406,416.2900085449219,292.59771728515625,370.2381286621094,655.1322021484375,85.52269744873047,254.76528059453105,420.6600036621094,294.7965097163498,376.2451074667104,659.1917509309695,85.56209157978277,251.3684162845015,412.25,289.6461758443202,368.831172255135,652.5588148295345,85.1681652965841,253.86611511385965,419.7099914550781,291.3398308899875,376.10542586510894,656.9774239230809,85.43406628910942,28476700,15713200,12188200,31181200,90653800,37861000
2026-03-26,252.6572265625,400.6400146484375,288.87359619140625,365.1790771484375,643.432373046875,84.80377197265625,256.76344411909713,411.3699951171875,292.1717693530369,373.9101668945663,653.1672421520028,85.29618732146338,250.53918279672283,400.260009765625,287.95248830787267,364.4007640805619,643.1630473705688,84.62650214653921,251.88793104116345,408.5299987792969,289.78478993876473,370.01860155518807,650.3844333840033,85.03027882545685,41796700,15756300,8669200,36836600,96494400,39537000
2026-03-27,248.57098388671875,414.70001220703125,280.13787841796875,355.9989318847656,632.4606323242188,84.34090423583984,255.2548282141602,418.3999938964844,287.3384134369941,361.6666793192034,641.0085567819559,84.7939254760148,247.8416601166152,405.4100036621094,279.05829538327214,355.73951450811694,631.4831091918358,84.15378399028369,253.666280215245,406.20001220703125,286.3777093696089,361.11784971721505,640.8489947137006,84.20302853290234,47900000,16580700,9873300,37883400,103649400,39928900
2026-03-30,246.40298461914062,414.5799865722656,281.0589904785156,358.1842041015625,630.3460693359375,85.46360778808594,250.63907198816298,420.1000061035156,284.50575515603197,364.5703662773937,638.7245091624994,85.63102720546095,245.28400520065438,412.6600036621094,279.6327451103039,355.51000344849933,627.6630399662237,85.17800598062512,249.83982057534305,419.5400085449219,282.01972478590784,361.1178525849577,638.4651675144013,85.3158816788942,39446200,13172100,11734400,44797000,99275900,36473200
2026-03-31,253.55638122558594,430.2900085449219,291.3497314453125,369.3699951171875,648.6688842773438,85.37496948242188,255.24482803058763,430.57000732421875,292.25104134220237,372.09407550142714,649.865752001465,85.83784107942468,246.87255213324852,419.5899963378906,282.22772810140145,362.28533367877645,636.3405988140365,85.25678710223136,247.6818040942864,420.0799865722656,285.71408872506316,363.7621155862403,637.2981538716512,85.61132672914152,49598100,14534300,12956900,45244400,152534100,47112200
2026-04-01,255.3946990966797,437.82000732421875,292.5580749511719,368.57171630859375,653.5562744140625,85.29093170166016,255.94418062939917,440.19000244140625,295.8661624411999,373.1817267376728,656.8278752918841,85.73587325079048,253.096813183035,433.760009765625,290.1116710297465,367.4042619540212,651.3220400966815,85.26126993754262,253.8461228128272,435.0,292.567989087923,372.682807332766,652.219751792706,85.31070369651063,40059400,14133100,11267200,29417200,97841500,31157600
2026-04-02,255.68443298339844,429.4100036621094,291.7855224609375,372.6528625488281,654.144775390625,85.81497192382812,255.89424639361263,431.6700134277344,292.7957669317203,372.83249667260446,656.5086804928782,85.87429544902584,250.4192795609811,421.1700134277344,285.9616926535428,363.3629859357669,643.4522901873171,85.18216250944175,253.96601496217014,422.2900085449219,289.1212191631598,366.41637016886637,644.7589215344626,85.24148603463945,31289400,10838600,6669300,24099100,68358700,33310600
2026-04-06,258.6217041015625,427.6499938964844,294.125,372.0741271972656,657.23681640625,85.67654418945312,261.9186847371787,431.489990234375,295.4987855589938,372.92229624611906,658.0247645183308,85.8742942999215,256.2239194053331,426.7099914550781,291.88509063240025,368.70142726638517,653.8356054757206,85.4194630108977,256.27389167390277,428.8699951171875,292.7412191857173,372.682794233078,654.1746977251443,85.52822783476026,29329900,5417300,7142600,16146600,39105800,14660300
2026-04-07,253.26666259765625,431.80999755859375,296.0662536621094,371.48541259765625,657.5260009765625,85.66665649414062,255.96418954301222,433.42999267578125,296.8427544058445,371.64507045865594,657.9150134208243,85.70620802592816,245.47383916108728,423.1000061035156,291.38734983011653,365.7677853538718,649.386996170508,84.94486178414724,255.92421782448065,427.8999938964844,291.8253790066561,369.5396147715723,654.9626585699763,85.54800189877801,62148000,7263500,7849100,21443300,69980400,22747200
2026-04-08,258.66168212890625,434.5299987792969,306.5888366699219,373.52099609375,674.27294921875,85.94351196289062,259.51090582044134,440.44000244140625,309.8640903908154,384.167949815935,675.3402070755335,86.38846104959337,256.29386854025813,431.30999755859375,303.96066179364243,370.6073237610428,669.734652974974,85.75565161149855,258.2121146377317,439.9800109863281,306.5888366699219,384.148004001906,674.6519776493207,86.37857128046215,41032800,9689700,10590200,33064800,93606100,22244900
2026-04-09,260.2502136230469,437.9100036621094,308.938232421875,372.26373291015625,678.162841796875,85.72598266601562,260.879638597066,440.9100036621094,309.8640846884941,372.6927962909368,679.4096297331154,86.15115221625086,255.8342992320816,435.8699951171875,304.73715687535,366.2567237727329,672.0386657215836,85.41946771480542,258.7615948993736,436.4700012207031,305.5734164156603,371.6949574789129,673.1059235004034,85.71610044052622,28121600,6748500,6586600,30435300,57134400,18909100
2026-04-10,260.240234375,437.1300048828125,308.4803161621094,370.0684814453125,677.7140502929688,85.51834106445312,261.94865175168746,440.3500061035156,308.9581744354404,374.8281921461914,680.2774536083281,85.70620895656306,258.78155637925676,436.0,305.344449093958,369.23030048358606,676.7066358948267,85.36014247926853,259.7406946341393,438.5899963378906,308.6097380099313,372.17393720824543,679.5692561407437,85.62710589212904,31291500,6193300,6069700,28111100,42253500,13247700
2026-04-13,258.96142578125,435.3599853515625,312.2732238769531,383.539306640625,684.3369750976562,85.77542114257812,259.9405042051452,436.2200012207031,312.33295236293975,383.70895264062807,684.536473353906,85.82486244313075,256.4237552437805,431.6300048828125,304.0900871089203,370.2181521550117,674.8414790590384,85.28103831178517,259.49093671136296,434.7799987792969,306.0910825316173,372.8025510733858,675.669302461078,85.46890620146516,36234700,5549400,8318200,35745800,54185800,12719700
2026-04-14,258.59173583984375,445.0899963378906,309.7247009277344,392.2604064941406,692.675537109375,86.23025512695312,261.68888841493145,445.17999267578125,312.91036189245165,393.83700889302276,692.7952238870419,86.25991689073507,256.9532612999924,439.0199890136719,307.4847916064935,385.684652281273,685.8929616905456,85.65676921489043,259.01136264890187,439.32000732421875,308.4305432499699,387.0816509997633,685.9229138241225,85.72598251160947,48370700,8731700,11455500,37504500,63480500,16606900
2026-04-15,266.18475341796875,440.4599914550781,304.5579833984375,410.3312683105469,698.1414184570312,85.85452270507812,266.3146386359468,443.739990234375,312.8307129741003,413.47445440771634,698.480571570673,86.09182434747889,257.57269269729437,439.6000061035156,302.8954898881459,395.8725939925935,692.4161778504387,85.75564764938473,257.92237663273806,442.8800048828125,312.54203541599225,397.1398382929036,693.4734516118131,86.0423830477906,49913500,6455900,9885800,45063400,58240400,15119600
2026-04-16,263.15753173828125,440.0799865722656,308.5599670410156,419.35174560546875,699.8569946289062,85.31069946289062,266.91408037974617,442.9800109863281,308.5599670410156,419.9105328997013,700.9741726960574,85.99295017847123,261.0294875448873,438.17999267578125,303.8312695552229,411.2492993874727,696.7350934539525,85.231596400047,266.55439590858066,442.1499938964844,303.98059076810495,418.95258572248235,699.2585607342904,85.94350887827315,43323100,5350100,8208600,41642400,49972400,20001000
2026-04-17,269.98126220703125,445.92999267578125,308.8984375,421.87628173828125,708.3152465820312,86.0918197631836,272.0493335842862,448.70001220703125,313.4877482505245,430.64726300981,710.5594650064761,86.2302463425199,266.47448343207725,445.32000732421875,308.69932229637936,419.78081413338697,703.9464965121796,85.91384165493935,266.7142527536172,445.6499938964844,311.068653468178,423.9018933176335,704.3255249385737,86.07204777057103,61436200,9712000,11082400,48568200,70661900,29604100
2026-04-20,272.79864501953125,442.0899963378906,315.5683898925781,417.1664733886719,706.8988037109375,86.07205963134766,274.0275237795767,443.4200134277344,315.70777661938337,422.4150847565369,708.0857482546458,86.1511551563801,270.04120633500696,440.04998779296875,308.9780833700189,415.40027922801784,704.3254772575062,85.73587536114536,270.08114756253855,443.1300048828125,309.45594165814435,420.2398034863272,706.9587079747221,86.13138316104295,36590200,8473000,10772000,27582200,43546800,14623500
2026-04-21,265.9250183105469,429.57000732421875,311.5962829589844,423.2433166503906,702.2708129882812,85.5974349975586,272.5488901425708,440.25,318.8038038717339,426.25677891783357,709.4523240430285,86.11158977416403,265.1557075406741,428.7099914550781,311.3474041387296,416.2983670043314,700.8345107773317,85.55788346956085,271.250098918132,438.54998779296875,316.0661368489313,419.33177508554746,708.4548936431559,85.99294273385343,50209800,9480000,7084300,32048500,58941400,19798700
2026-04-22,272.9185791015625,435.260009765625,311.6161804199219,431.984375,709.3825073242188,85.7655258178711,273.48803128351057,437.1700134277344,313.73663281642627,432.7626880248645,709.6218808832724,86.18081310203435,266.62435952726383,433.7799987792969,310.5410372905177,422.7543663498755,706.4001392457644,85.73586405693432,267.5734973129919,436.2699890136719,313.43799038623484,425.2689090952171,707.3278031045794,86.07204828281097,43249200,5178100,5545900,29378200,42518500,13676800
2026-04-23,273.1783142089844,431.0400085449219,310.29217529296875,414.8514709472656,706.6295776367188,85.57766723632812,275.5161566987003,435.2900085449219,313.57736372602733,422.7443793162959,710.5295037064266,86.06216027680907,271.39995382845746,428.2200012207031,307.5047445243564,410.5208543154444,700.4754491270062,85.2711447651119,274.79681820267325,433.9599914550781,312.11395497732667,418.9825380949446,707.6768673789517,85.85452040231723,33399600,4976400,6969700,38308000,56174000,21106700
2026-04-24,270.81048583984375,433.25,306.8974609375,423.7023010253906,712.10546875,85.73587036132812,272.80864483253174,435.2799987792969,309.7545850384977,424.0316048781353,712.6340752101273,85.84463518854928,269.4017800912603,430.6499938964844,306.5092257615542,414.9013556123021,707.1881441382454,85.28103905825941,272.50893317942314,431.3399963378906,309.7545850384977,416.0688403922519,708.9236633096505,85.48867894376795,38157100,5924100,5215300,27457400,45182000,22285700
2026-04-27,267.3636474609375,429.8900146484375,310.232421875,423.9018859863281,713.332275390625,85.31069946289062,268.1129570778125,431.79998779296875,311.1781431330245,426.1869149113369,713.7911152864904,85.64688370813444,264.8260075108844,428.5199890136719,305.50372444273444,416.1686352924954,710.4696550399041,85.221714174954,265.84505761361925,431.6600036621094,305.50372444273444,421.46715688013995,711.3374146094498,85.51833934509271,41466800,6105200,7925300,30867300,33135900,19250100
2026-04-28,270.4608154296875,421.9100036621094,310.0532531738281,428.3222961425781,709.8612060546875,85.39968872070312,272.97851539952296,422.5199890136719,314.03531438457196,428.99086152362304,711.0481506026886,85.39968872070312,268.4127145556596,418.3999938964844,309.7745101043047,420.9881750222059,707.4274735730012,84.97451920531519,272.0893199684016,420.7200012207031,313.78643555890045,423.6524179624475,709.9908768700561,85.1524973174237,40018900,7723400,7398600,30438100,43117400,14553600
2026-04-29,269.92132568359375,417.4100036621094,307.86309814453125,423.5426330566406,709.7515258789062,84.73721313476562,270.7905199823619,419.1700134277344,310.65052875636707,425.8975483734993,710.3699278433978,85.02395607832906,266.7942019267937,414.1600036621094,305.91189671624613,419.38166246548025,706.5497524472755,84.58890432230456,267.3037117460274,416.739990234375,309.1771855961317,423.6623688360089,709.1729992133655,85.02395607832906,30047900,6452600,8031800,38288300,41859200,29020800
2026-04-30,271.1002502441406,423.6600036621094,311.82525634765625,406.8987121582031,716.8132934570312,84.65811157226562,275.7459641951834,425.4599914550781,312.6913497643884,413.5243765293071,717.9403946619685,84.93496472733936,267.893213328058,422.739990234375,305.1951210592971,397.1498378648014,708.6244289610544,84.43069216992208,270.25102650288807,425.3399963378906,305.6928786901284,409.92216255995794,712.7936806635566,84.92507495932024,91848200,6732800,8865400,70909400,67240900,28516200
2026-05-01,279.88214111328125,423.17999267578125,311.06866455078125,413.5443115234375,718.7982177734375,84.96080780029297,286.95561044034525,427.92999267578125,314.6624601726697,416.2085240460113,723.0073446973263,85.3478497691041,278.1137509144006,421.0799865722656,310.43152018106696,409.5529563541748,718.6186267345964,84.69285100863003,278.6032901046287,421.4100036621094,312.54203812020876,411.9078412872606,719.3966516418469,84.85164134021396,79915400,5911500,6135400,31372400,43049800,21281000
2026-05-04,276.5751647949219,414.7099914550781,306.270263671875,412.72607421875,716.1649780273438,84.31572723388672,280.3716851917065,420.8599853515625,309.2568094519629,419.87060358807366,720.2644021704073,84.71269545319674,274.60697695873915,413.2799987792969,305.13539207341324,409.91216153093814,713.152718877996,84.11724691000123,279.4025768563376,418.8399963378906,309.22694520939064,410.6505829404435,718.2196821209096,84.70276916554077,46668400,7285700,7338200,28066500,51950600,27226000
2026-05-05,283.9184265136719,418.2699890136719,308.0124206542969,410.4909362792969,721.9102172851562,84.78216552734375,284.30808218316156,421.1600036621094,309.5753869306937,415.8792597859335,723.1769124909786,84.84170811104691,276.2455026895375,417.9100036621094,305.42407485773,407.916495085617,719.6360467603954,84.44473988610122,276.6750995896243,420.1499938964844,306.32999740556414,414.42242364358015,719.9153564929043,84.5042900413435,49311700,4279900,6316800,25700900,36933200,18226500
2026-05-06,287.245361328125,430.9599914550781,313.4877624511719,413.0653381347656,731.9443359375,85.42723846435547,287.76487170009636,433.19000244140625,314.84167905955115,417.51572107575487,732.7023927493656,85.5165523404517,280.8112868075762,429.6000061035156,309.95369528217543,404.23445872829495,725.9497697512824,85.26844814479885,281.66051049385584,430.1499938964844,310.0532528884956,407.11822745622237,726.288861980811,85.3974671723234,58336100,7013900,8629500,30285900,53288900,22530700
2026-05-07,287.1754150390625,431.67999267578125,304.8964538574219,419.8606262207031,729.7001342773438,85.00049591064453,291.8611003514943,437.4200134277344,314.8814709002291,427.05506598481406,734.238430329629,85.63564202311937,285.5169394038565,430.25,304.76706239082745,417.8549909144547,727.8748196364371,84.95087204466975,289.00371711581823,435.6099853515625,313.23887676443206,419.2020489501835,733.161188473549,85.62571573561664,45224300,6816200,8359600,34942400,51724600,21178300
2026-05-08,293.0500183105469,433.7699890136719,300.74517822265625,414.22283935546875,735.724609375,85.42723846435547,294.4886952888782,436.20001220703125,307.60426284206056,417.7252633012779,736.1834492768152,85.62571879226208,289.7330669166447,431.70001220703125,299.1523476664256,413.105264767488,732.6824588199246,85.33791701672008,289.7430674686918,434.04998779296875,306.86759124184925,416.48795292910256,733.0415191543954,85.40738588864131,52692800,5380800,9464300,33383800,47227100,30797600
2026-05-11,292.67999267578125,434.6499938964844,298.6545715332031,411.7681579589844,737.4002685546875,84.91117858886719,293.8800048828125,436.0400085449219,301.83026757429667,411.79809190456297,738.8864300819614,85.26844924092312,290.2300109863281,432.2099914550781,297.5395993270601,404.6236285818644,734.5576163199453,84.84170971605293,291.9800109863281,434.17999267578125,300.74515961007836,406.9885016374445,734.5576163199453,85.22875166052366,42247300,5569100,9512000,35657900,44024000,17713700
2026-05-12,294.79998779296875,432.92999267578125,303.5126953125,406.8887023925781,736.2831420898438,84.34550476074219,295.2699890136719,432.9800109863281,304.6873960201211,414.6020070114768,736.9414802248905,84.55391138769059,292.55999755859375,425.8500061035156,294.2245209852311,405.76117016707224,729.9494836014034,84.27603588509271,292.55999755859375,430.70001220703125,298.67447538308426,413.58422243338293,734.9964788307154,84.54399267084035,45748100,6660900,9498200,38594200,54185300,27680600
2026-05-13,298.8699951171875,430.5,298.9034729003906,404.3342590332031,740.4025268554688,84.15695190429688,300.9200134277344,432.489990234375,301.6411400127173,405.4318878236479,741.9983910774667,84.40505611678414,293.5,428.75,298.72428743531935,400.1633000811369,733.5800764180441,83.94853770285265,293.5,430.5199890136719,300.91440289675086,402.3286237155428,736.5723674930287,84.29588965756658,52684300,4180300,7709500,29667100,44200200,26295100
2026-05-14,298.2099914550781,427.2099914550781,298.56500244140625,408.5451354980469,746.2474975585938,84.27603149414062,300.45001220703125,431.5400085449219,302.38777761395096,410.94993067744383,747.6040491923611,84.73254230627192,295.3800048828125,427.1000061035156,297.4699295162906,400.013625877668,741.649357949993,84.26611277780718,299.82000732421875,430.29998779296875,300.8945046380796,403.6058516736889,741.7391534739264,84.61345713795717,35324900,4021400,7364300,27077500,45307600,25247200
2026-05-15,300.2300109863281,417.2900085449219,296.4743957519531,421.0081481933594,737.2706298828125,83.02558898925781,303.20001220703125,419.25,299.44104214981957,427.24464052002446,741.5496453663399,83.33323575905032,296.5199890136719,414.1199951171875,295.1205095874812,412.01761111071977,736.0637780312098,82.95611254803866,297.8999938964844,417.6400146484375,298.86362628854243,413.3746572242232,739.8838927249178,83.23399559829843,54862800,9360400,8699300,50771200,60410800,50796000
2026-05-18,297.8399963378906,418.42999267578125,299.3813171386719,422.6246643066406,736.751953125,82.92634582519531,300.6600036621094,420.92999267578125,299.908939014877,424.2012362508279,739.5147938000424,83.28361648081449,294.9100036621094,416.05999755859375,295.8870488301784,414.7117792841577,731.5054597381557,82.68816791196232,300.239990234375,419.82000732421875,296.6635495230975,415.71960624154525,737.9289136337939,83.06528357220951,34483000,5628300,7546300,32564100,47843900,26166200
2026-05-19,298.9700012207031,411.5,294.3738708496094,416.51788330078125,731.8446044921875,82.39044189453125,300.510009765625,414.4700012207031,300.436555061437,431.7648588737268,735.7545755811656,82.59885609178454,296.3500061035156,409.8800048828125,293.935841710235,415.58987007798993,729.650306265128,82.14233768703303,296.9700012207031,412.45001220703125,299.7396822358739,428.9708919761278,732.8919551385734,82.33089930762432,42243600,5419400,8066900,33018700,54255900,35346600
2026-05-20,302.25,417.3999938964844,300.625732421875,420.1499938964844,739.3452758789062,83.27369689941406,302.79998779296875,417.989990234375,301.57145376364997,421.18775475321456,739.9636778498481,83.36301077662159,298.0799865722656,410.0799865722656,292.35300240137923,410.4110776678385,732.0042028263388,82.41029156204492,298.17999267578125,412.1400146484375,295.3694126574367,413.2749005432513,733.8195334397973,82.43013656646683,38229800,6005000,9327000,27864000,45768000,44498000
2026-05-21,304.989990234375,416.989990234375,301.6411437988281,419.0899963378906,740.8114624023438,83.58133697509766,305.5400085449219,418.4200134277344,302.6167597554335,426.3399963378906,742.9559620700644,83.62103455229482,300.3999938964844,411.95001220703125,298.8636475324957,415.7099914550781,735.1361419849363,82.69808670419228,301.05999755859375,413.1400146484375,299.8790926087445,424.75,736.7419902854853,82.98588846021765,42965100,4679900,7874400,31393500,43332200,24887000
2026-05-22,308.82000732421875,413.82000732421875,305.0059814453125,418.57000732421875,743.7239990234375,84.03784942626953,311.3999938964844,415.67999267578125,306.07119010408854,424.3999938964844,747.015507083493,84.03784942626953,305.8399963378906,412.0,302.4773640852478,416.3299865722656,742.566945697205,83.50194348076187,306.1199951171875,415.1700134277344,303.31359328873907,419.5400085449219,744.3224328967863,83.9683805576781,43670200,5528400,5973900,22390300,41762000,27987700
2026-05-26,308.3299865722656,414.0,305.3643493652344,416.0299987792969,748.6613159179688,84.45466613769531,311.82000732421875,415.9800109863281,308.54004556072954,419.7699890136719,750.1973368284331,84.73254162357644,307.6700134277344,411.5,304.0701916446211,413.0199890136719,746.4469887578754,84.2561858110771,309.55999755859375,415.1600036621094,307.1065011172144,416.42999267578125,748.0827892360243,84.69284404394497,48000500,5098400,7725400,30398000,41123600,22531200
2026-05-27,310.8500061035156,408.489990234375,297.93780517578125,412.6700134277344,748.5316162109375,84.65316009521484,313.260009765625,409.25,304.52811132231307,415.94000244140625,749.4492351039673,84.83179543057335,308.29998779296875,404.29998779296875,294.42363753054383,409.5799865722656,746.2973210478585,84.50429605382614,308.3299865722656,404.3399963378906,303.63215366632585,411.010009765625,748.9505199197505,84.60353622423871,50430900,6624600,11779200,28901500,42106300,23589600
2026-05-28,312.510009765625,412.7699890136719,295.3992614746094,426.989990234375,752.6609497070312,85.08981323242188,312.79998779296875,414.510009765625,299.7197941661088,429.489990234375,753.2095851254732,85.19897968476,309.57000732421875,405.4100036621094,294.4236455581874,412.6700134277344,747.3047533704411,84.62337613089335,310.67999267578125,406.4800109863281,296.23549066837876,412.9800109863281,748.3221518516883,84.71269757896054,48220400,7184100,9757700,47250500,41562600,25417300
2026-05-29,312.05999755859375,417.1199951171875,297.9676818847656,450.239990234375,754.5361328125,85.10967254638672,315.0,421.82000732421875,298.53513289689414,450.3299865722656,756.1320579864754,85.30815289096658,309.5299987792969,415.0799865722656,293.87612858626386,432.3599853515625,752.7507543048832,84.9012659131159,311.7799987792969,415.6199951171875,295.070728717322,432.54998779296875,753.9576670103595,85.15928884676178,70026800,7705700,13969000,79654400,55075700,33118600
2026-06-01,306.30999755859375,411.260009765625,295.2499084472656,460.5199890136719,756.5908203125,85.1554946899414,310.94000244140625,412.6099853515625,298.20659004481905,466.32000732421875,758.3264003155792,85.225236804786,305.0199890136719,408.239990234375,293.94578586060317,458.2699890136719,752.7507376917755,84.48796193338315,309.6300048828125,409.8599853515625,296.3549462063085,464.8399963378906,753.4189990020213,84.61748083200298,48849900,6158900,7930000,53628900,43634900,26322400
2026-06-02,315.20001220703125,411.95001220703125,299.6102600097656,441.30999755859375,757.6182250976562,85.3348388671875,315.45001220703125,414.3999938964844,300.7152977310929,453.5,758.4461093852723,85.50421150111887,306.69000244140625,411.1000061035156,293.9457758280521,440.42999267578125,754.805464031348,85.18538929552764,307.4599914550781,414.0799865722656,295.17027051801705,446.8800048828125,755.0847737682097,85.48428843884736,44534700,3823900,8296200,37036800,31581900,20319000
2026-06-03,310.260009765625,407.8699951171875,299.50079345703125,427.3399963378906,752.3018798828125,84.99608612060547,316.94000244140625,409.3800048828125,300.60580089187994,440.3900146484375,756.8501599793441,85.11564729837,308.8500061035156,406.2300109863281,295.23002417973413,424.25,751.6336185743088,84.78685976050826,314.17999267578125,408.3800048828125,298.5749714904202,438.45001220703125,756.2018667594974,84.9761630583052,50836700,5038000,7003900,39037000,51402500,15372000
2026-06-04,311.2300109863281,411.2699890136719,309.4957580566406,428.04998779296875,755.1445922851562,85.18538665771484,313.5400085449219,414.3699951171875,311.5066879726736,436.1499938964844,756.3614281257201,85.39461301103145,309.6499938964844,409.010009765625,303.0746723882986,426.4100036621094,749.5389775481502,85.10567920845497,313.2300109863281,413.3699951171875,304.36883009196185,435.80999755859375,750.1673635570705,85.29498250011699,44869100,4646500,10345200,26899500,49923000,15866500
2026-06-05,307.3399963378906,396.239990234375,310.9691162109375,416.6700134277344,735.65478515625,84.74700164794922,315.1700134277344,404.7200012207031,313.58732636819616,429.4700012207031,750.8855669656407,85.03593544493378,307.1499938964844,395.9200134277344,308.211549706599,414.3999938964844,733.6400171295905,84.60751741510434,312.8599853515625,404.3800048828125,312.8805189963161,428.3399963378906,750.3768677170906,84.67725953152677,65310500,11473900,9118800,34782200,93989400,26461200
2026-06-08,301.5400085449219,397.2699890136719,309.7147521972656,411.739990234375,737.3204345703125,84.30862426757812,317.3999938964844,398.9800109863281,314.88147906470095,417.1600036621094,743.4247643242134,85.01601074950005,301.1700134277344,396.0299987792969,309.3862455138746,408.55999755859375,736.2931129658897,84.30862426757812,308.739990234375,397.5199890136719,311.84516953437026,414.1400146484375,741.4498108327123,84.91638024242889,77949100,8057300,6827000,32086700,49319100,22922700
2026-06-09,290.54998779296875,390.7799987792969,311.2976379394531,403.4100036621094,735.1560668945312,84.8067855834961,300.75,400.4800109863281,315.0009559692908,411.9800109863281,744.9807928982774,84.8665623683059,287.7799987792969,388.75,307.62418415256917,398.4800109863281,720.7332622187009,84.46803273315918,300.2799987792969,397.57000732421875,312.1040028799189,409.0299987792969,741.7191759970133,84.65733602015099,70108800,9567300,11594600,35317300,87683500,22617700
2026-06-10,291.5799865722656,374.5799865722656,307.75360107421875,397.3599853515625,723.56591796875,84.56766510009766,294.75,384.2099914550781,313.3384270822022,405.0400085449219,736.4826536495077,84.98612540692422,287.3800048828125,374.54998779296875,307.64407859799763,397.1600036621094,723.4661992814284,84.38832714040647,290.739990234375,380.75,311.1582462393224,398.54998779296875,731.5054857614351,84.80678744723303,52793300,13956200,7446200,32576000,60341300,21258300
2026-06-11,295.6300048828125,386.32000732421875,312.0840759277344,390.3399963378906,735.8642578125,85.66361999511719,297.0,387.2099914550781,313.30857066124145,396.8500061035156,738.0984921563339,85.72339677878017,289.5899963378906,371.8800048828125,307.4947650619962,384.0,722.5485255148498,84.72707651068833,293.7200012207031,373.9599914550781,308.1717081621576,395.2099914550781,726.8873842592473,84.85659540906492,42572500,12622500,9116600,47224100,86330500,35190500
2026-06-12,291.1300048828125,386.5400085449219,319.28167724609375,390.739990234375,739.843994140625,85.45439147949219,297.1400146484375,388.7699890136719,319.85906276888113,391.739990234375,742.5270843334097,85.51417586827432,289.6199951171875,383.3500061035156,314.1348496322589,382.2699890136719,733.1412911200548,85.09572315340384,296.0299987792969,385.7300109863281,314.5529794375797,391.42999267578125,738.8066884479139,85.32487257288587,38742100,7532600,7426200,34865800,57079500,23092600
2026-06-15,296.4200134277344,396.54998779296875,317.96759033203125,399.760009765625,752.890380859375,85.40457916259766,297.7799987792969,401.0,324.4583697274161,401.75,754.7356026867302,85.79314347981969,291.70001220703125,396.1499938964844,317.41010417767774,392.8500061035156,749.8282623277308,85.35476010600168,294.1199951171875,399.489990234375,322.4673390673774,396.79998779296875,749.9179969688896,85.64369391135257,45732600,10477100,7988900,32266400,60176400,17632700
2026-06-16,299.239990234375,397.6300048828125,329.6549377441406,393.8299865722656,748.4019775390625,85.87284851074219,300.4800109863281,398.9599914550781,330.26218746993305,396.8399963378906,753.4988323298886,86.06214419756851,293.9700012207031,395.82000732421875,322.56684357389287,390.69000244140625,747.9531216783239,85.61380310611806,295.25,397.8299865722656,322.8455866314347,395.7900085449219,752.6111046530555,85.64369149870535,39874400,6004000,11094900,31506800,67093100,26472500
2026-06-17,295.95001220703125,388.6000061035156,331.9645080566406,378.9100036621094,739.0560302734375,86.01233673095703,302.07000732421875,402.0400085449219,336.25517637046335,390.3699951171875,750.217278570044,86.27137454626873,294.3599853515625,387.0799865722656,330.01330666560995,377.32000732421875,737.3204502885575,85.61380707490393,300.8500061035156,397.82000732421875,330.69024974688585,390.25,749.3594421826946,86.01233673095703,42745100,13343000,12246400,41987800,85945200,34507500
2026-06-18,298.010009765625,387.1199951171875,323.761474609375,379.3999938964844,746.739990234375,86.4307861328125,300.57000732421875,392.5,336.57375116590936,381.3699951171875,748.22998046875,86.85920416639972,295.6199951171875,385.6000061035156,322.70623086248213,373.2799987792969,743.8599853515625,86.33115562295235,298.1099853515625,391.239990234375,335.4388795655989,377.82000732421875,747.760009765625,86.74960832515737,85962200,7627300,20111000,59714200,80875700,32350900
2026-06-22,297.010009765625,384.5899963378906,329.993408203125,367.3399963378906,744.3900146484375,85.77320861816406,302.4200134277344,386.4100036621094,331.2776010100568,381.6300048828125,750.1799926757812,86.01233095653505,296.760009765625,382.6400146484375,325.28461010223134,367.07000732421875,743.1300048828125,85.65365505029901,297.30999755859375,384.25,328.22139226156105,375.739990234375,747.7000122070312,85.98244256456879,44879900,7835100,10182500,45171100,46628100,28595100
2026-06-23,294.29998779296875,377.32000732421875,332.6414794921875,373.94000244140625,733.5800170898438,85.88280487060547,301.6400146484375,380.3500061035156,333.86594380335947,377.2200012207031,739.6300048828125,86.11196187898649,294.17999267578125,377.1700134277344,325.7425357353925,370.6700134277344,732.2999877929688,85.78317436313043,297.5400085449219,377.7200012207031,327.9924099173137,372.3800048828125,733.8099975585938,85.80310502541772,52010900,7389600,7582200,40647600,66846800,19145500
2026-06-24,293.0799865722656,365.9200134277344,331.95458984375,365.4599914550781,733.239990234375,87.05846405029297,299.70001220703125,370.8999938964844,333.02973300317086,378.8800048828125,739.9500122070312,87.14813682892164,292.94000244140625,363.32000732421875,328.291070440402,364.7799987792969,730.8400268554688,86.7994262483003,295.3599853515625,364.80999755859375,331.57628916780243,371.57000732421875,735.1699829101562,86.82931464073634,53081900,12741700,7907400,44509900,57439500,41837000
2026-06-25,275.1499938964844,369.4599914550781,333.6170654296875,352.8299865722656,734.2999877929688,87.02857971191406,288.79998779296875,371.0400085449219,341.90972446819404,364.2300109863281,739.3699951171875,87.46696309158528,273.75,366.79998779296875,333.2586945227413,349.20001220703125,729.5999755859375,86.96880292425742,287.3999938964844,368.989990234375,333.4577793441399,362.7699890136719,738.9099731445312,87.25773673346609,107013700,9137100,10043100,66179000,53934400,28380000
2026-06-26,283.7799987792969,373.6300048828125,327.57427978515625,372.9700012207031,728.989990234375,87.03854370117188,285.95001220703125,375.8500061035156,334.8913229247855,376.6099853515625,736.530029296875,87.04850903273459,274.2099914550781,371.17999267578125,326.03124330500606,355.42999267578125,716.5800170898438,86.67986777812226,275.0,372.2699890136719,334.49312290223526,357.1499938964844,728.9500122070312,86.68983310968497,261775500,5603300,17640900,186201600,71034000,21650800
2026-06-29,281.739990234375,368.5799865722656,327.91278076171875,368.57000732421875,741.0,87.12820434570312,288.3699951171875,371.19000244140625,330.8993264933345,380.5,741.5599975585938,87.21787712245789,279.8500061035156,366.9700012207031,325.73259994718205,359.8999938964844,732.0900268554688,86.97876238664584,286.7300109863281,370.5799865722656,326.80774304304947,377.5,736.530029296875,87.03853917026876,66427000,5006300,7981800,51229900,58035200,19457200
2026-06-30,289.3599853515625,368.3800048828125,325.86199951171875,373.0199890136719,746.77001953125,86.10199737548828,289.94000244140625,372.8299865722656,328.95806779511634,374.1499938964844,748.02001953125,86.859202921954,280.70001220703125,368.260009765625,325.2149206632551,367.45001220703125,740.8900146484375,86.06214365185109,281.1700134277344,369.2200012207031,327.41503128103255,371.0299987792969,741.2899780273438,86.82931452955623,65100200,5302100,8080100,44945700,55626000,31079500
2026-07-01,294.3800048828125,370.6000061035156,332.5718078613281,384.2799987792969,745.760009765625,85.5199966430664,296.5899963378906,377.7799987792969,334.13477419390347,388.8299865722656,749.4400024414062,85.79000091552734,289.20001220703125,370.2099914550781,323.5524415571975,374.8900146484375,742.3800048828125,85.43000030517578,293.44000244140625,371.2099914550781,326.89735842569155,380.8299865722656,745.0,85.4800033569336,50164200,9058300,15210200,48065800,47100900,28109800
2026-07-02,308.6300048828125,378.1300048828125,332.9700012207031,390.489990234375,744.780029296875,85.51000213623047,309.4200134277344,380.2699890136719,338.4751995750331,392.20001220703125,751.3099975585938,85.77999877929688,293.67999267578125,376.2900085449219,330.2820977776739,383.70001220703125,740.030029296875,85.37000274658203,294.1199951171875,377.44000244140625,336.5040683580973,384.4800109863281,747.4000244140625,85.37999725341797,75352800,7592900,8413900,42128900,57447800,20816300
2026-07-06,312.6600036621094,382.1300048828125,337.7200012207031,386.739990234375,751.280029296875,85.44999694824219,314.20001220703125,382.42999267578125,339.7200012207031,389.1499938964844,752.4099731445312,85.4800033569336,307.0,378.8299865722656,334.1099853515625,381.2200012207031,747.4099731445312,85.18000030517578,307.3599853515625,380.2099914550781,335.0,387.0400085449219,748.739990234375,85.43000030517578,53590000,3906500,8673500,34224500,50673300,17940900
2026-07-07,310.6600036621094,377.489990234375,339.2200012207031,388.8399963378906,747.7100219726562,84.55000305175781,315.4800109863281,383.6000061035156,341.3999938964844,395.57000732421875,750.9600219726562,85.16999816894531,310.1499938964844,375.5199890136719,337.0899963378906,388.2200012207031,745.2100219726562,84.54000091552734,315.2900085449219,382.3900146484375,340.9800109863281,392.489990234375,750.219970703125,85.12000274658203,42490000,4815400,7115800,29297500,43721500,24816400
2026-07-08,313.3900146484375,374.45001220703125,330.6199951171875,383.3399963378906,745.4000244140625,84.36000061035156,314.82000732421875,375.4700012207031,336.5299987792969,385.30999755859375,746.1500244140625,84.44999694824219,307.04998779296875,368.95001220703125,330.1300048828125,381.3299865722656,739.510009765625,84.05999755859375,311.9100036621094,373.1700134277344,336.5299987792969,384.0299987792969,743.1599731445312,84.30999755859375,41323500,7728500,18505200,25908300,43767400,25806600
2026-07-09,316.2200012207031,378.17999267578125,335.4700012207031,384.3599853515625,751.7100219726562,84.48999786376953,316.5299987792969,379.6499938964844,337.0,384.6499938964844,751.969970703125,84.68000030517578,308.1600036621094,377.4100036621094,330.80999755859375,373.3500061035156,745.5900268554688,84.26000213623047,310.510009765625,378.510009765625,331.4599914550781,374.45001220703125,747.3499755859375,84.27999877929688,48124500,4754600,15570600,31083200,41441700,18625300
2026-07-10,315.32000732421875,377.010009765625,336.4700012207031,385.1000061035156,754.9500122070312,84.47000122070312,316.9100036621094,377.54998779296875,338.5899963378906,391.9100036621094,755.4199829101562,84.62999725341797,312.1700134277344,373.70001220703125,335.7699890136719,381.5,748.0999755859375,84.27999877929688,314.7200012207031,375.0,337.4700012207031,387.79998779296875,752.0499877929688,84.51000213623047,34132300,5455400,6299000,24644600,42191300,14454100
2026-07-13,317.30999755859375,367.1300048828125,334.5299987792969,390.989990234375,749.1699829101562,83.97000122070312,323.45001220703125,372.8900146484375,338.3500061035156,393.6499938964844,753.9099731445312,84.27999877929688,315.7799987792969,365.7699890136719,332.5,384.1499938964844,748.0,83.93000030517578,317.0199890136719,372.7699890136719,338.3399963378906,387.75,752.469970703125,84.19000244140625,43257800,7161700,7120300,28914900,44013600,18742500
2026-07-14,314.8599853515625,372.1499938964844,342.8900146484375,384.92999267578125,751.8300170898438,84.08000183105469,316.19000244140625,376.2799987792969,344.7300109863281,388.19000244140625,753.3400268554688,84.5,311.9100036621094,370.9200134277344,325.75,378.6499938964844,748.6599731445312,84.04000091552734,313.760009765625,374.5299987792969,327.0,382.82000732421875,750.9099731445312,84.18000030517578,36336800,6303400,14537900,27863900,35143100,23793500
2026-07-15,327.5,372.3500061035156,346.9100036621094,395.6300048828125,754.8099975585938,84.23999786376953,328.7300109863281,374.489990234375,351.239990234375,398.9599914550781,755.5800170898438,84.41000366210938,317.32000732421875,369.5,344.04998779296875,386.3999938964844,750.2000122070312,84.08000183105469,317.6199951171875,372.1099853515625,345.8500061035156,387.79998779296875,754.239990234375,84.08000183105469,60957600,7683700,10750000,36253700,43844800,17837800
2026-07-16,333.260009765625,364.9599914550781,343.1499938964844,401.1000061035156,750.719970703125,84.20999908447266,334.67999267578125,368.42999267578125,349.3399963378906,405.989990234375,754.5700073242188,84.22000122070312,326.7900085449219,364.04998779296875,341.1099853515625,392.04998779296875,747.8800048828125,83.79000091552734,328.010009765625,367.45001220703125,349.2799987792969,398.30999755859375,752.760009765625,83.83999633789062,62970600,9048000,12432400,37047400,46409800,20817800
2026-07-17,333.739990234375,368.4100036621094,341.1000061035156,393.82000732421875,743.2899780273438,84.5199966430664,334.989990234375,369.2099914550781,346.1300048828125,398.3900146484375,747.2899780273438,84.81999969482422,329.0,363.6000061035156,335.04998779296875,389.3900146484375,740.7999877929688,84.48999786376953,331.9800109863281,364.1099853515625,339.0299987792969,394.8599853515625,742.0800170898438,84.62000274658203,63407100,6456600,9250900,33049800,62651000,22065600
2026-07-20,326.5899963378906,367.6000061035156,338.8699951171875,402.2900085449219,742.0900268554688,83.88999938964844,333.7099914550781,368.7900085449219,344.260009765625,403.17999267578125,748.72998046875,84.33999633789062,323.67999267578125,366.79998779296875,337.3699951171875,389.6499938964844,741.510009765625,83.81999969482422,333.510009765625,367.7900085449219,341.79998779296875,391.4100036621094,747.0599975585938,84.30999755859375,53468000,3922500,7723300,27915800,50422300,24289000
2026-07-21,327.739990234375,374.80999755859375,345.2300109863281,397.75,748.280029296875,83.66000366210938,329.6000061035156,375.010009765625,345.739990234375,401.4700012207031,749.0399780273438,83.7699966430664,322.2200012207031,371.07000732421875,337.29998779296875,396.32000732421875,744.1799926757812,83.43000030517578,323.1300048828125,371.70001220703125,340.1199951171875,398.80999755859375,746.2899780273438,83.73999786376953,41338900,6070600,6015300,24126600,34324300,14287500
2026-07-22,325.8900146484375,379.1199951171875,348.2099914550781,390.3399963378906,747.4099731445312,83.44000244140625,329.0,382.2200012207031,349.07000732421875,401.0,750.02001953125,83.69999694824219,323.3399963378906,378.8299865722656,344.25,386.9599914550781,746.3699951171875,83.37999725341797,327.8699951171875,379.07000732421875,345.07000732421875,399.5799865722656,746.6199951171875,83.61000061035156,38755900,7115100,8040200,28142500,32836200,15988400
2026-07-23,321.6600036621094,371.5199890136719,349.8999938964844,381.5799865722656,738.1799926757812,83.16999816894531,323.29998779296875,373.0899963378906,349.9200134277344,391.7799987792969,742.5599975585938,83.25,319.3500061035156,370.5299987792969,345.4200134277344,377.3900146484375,735.2100219726562,82.95999908447266,321.7300109863281,372.3599853515625,346.5799865722656,389.9700012207031,739.3699951171875,82.98999786376953,40840800,9820600,10913000,30351800,55437300,29152800
2026-07-24,,,,,,,,,,,,,,,,,,,,,,,,,47402209,3784137,7513084,27544509,41480799,14405082
